symbol,direction,setup_type,entry_price,sl_price,tp_price,confidence,entry_time,exit_time,exit_price,exit_reason,pnl_pips,rr_achieved,killzone,htf_bias,sniper_passed,sniper_skip_reason,partial_taken,trail_count,be_applied,peak_r
GBPUSD,SELL,LH_LL_CONTINUATION,1.22861,1.22839,1.21218,0.750,2025-01-09 12:10,2025-01-09 12:40,1.22839,TRAILED_SL,2.20,0.05,NY_OPEN,NEUTRAL,True,,False,1,False,0.00
USDJPY,BUY,HH_HL_CONTINUATION,158.00300,158.00570,158.21200,0.950,2025-01-09 12:30,2025-01-09 12:50,157.99000,GIVEBACK_GUARD,2.05,7.59,NY_OPEN,BUY,True,,True,0,True,20.37
GBPUSD,SELL,LH_LL_CONTINUATION,1.22849,1.22921,1.21206,0.750,2025-01-09 12:50,2025-01-09 13:35,1.22921,SL_HIT,-7.20,-0.16,NY_OPEN,NEUTRAL,True,,False,1,False,0.00
USDJPY,BUY,HH_HL_CONTINUATION,157.84400,157.75800,158.03700,1.000,2025-01-09 13:50,2025-01-09 14:10,157.75800,SL_HIT,-8.60,-1.00,NY_OPEN,BUY,True,,False,0,False,0.00
USDJPY,BUY,HH_HL_CONTINUATION,157.74300,157.70795,157.87500,0.850,2025-01-09 14:45,2025-01-09 14:50,157.70795,SL_HIT,-3.50,-1.00,NY_OPEN,BUY,True,,False,0,False,0.00
USDJPY,BUY,HH_HL_CONTINUATION,158.40800,158.36500,158.48600,0.950,2025-01-10 07:25,2025-01-10 08:10,158.36500,SL_HIT,-4.30,-0.88,LONDON_OPEN,BUY,True,,False,1,False,0.00
GBPUSD,SELL,LH_LL_CONTINUATION,1.22883,1.22881,1.22463,0.850,2025-01-10 09:40,2025-01-10 10:10,1.22881,TRAILED_SL,2.41,10.50,LONDON_OPEN,SELL,True,,True,0,True,0.00
USDJPY,BUY,HH_HL_CONTINUATION,158.44000,158.37500,158.60650,0.950,2025-01-10 09:45,2025-01-10 10:20,158.37500,SL_HIT,-6.50,-1.00,LONDON_OPEN,BUY,True,,False,0,False,0.00
USDJPY,SELL,CHOCH,157.91400,158.17900,155.78425,0.820,2025-01-10 12:00,2025-01-10 15:30,158.17900,SL_HIT,-26.50,-0.31,NY_OPEN,BUY,True,,False,1,False,0.00
GBPUSD,SELL,CHOCH,1.22228,1.22527,1.19488,0.820,2025-01-10 15:40,2025-01-10 16:45,1.22527,SL_HIT,-29.90,-0.27,LONDON_CLOSE,SELL,True,,False,1,False,0.00
USDJPY,BUY,FVG_CONTINUATION,158.22600,157.75100,159.54358,0.880,2025-01-10 16:25,2025-01-10 17:05,157.75100,SL_HIT,-47.50,-0.90,LONDON_CLOSE,NEUTRAL,True,,False,1,False,0.00
USDJPY,BUY,LIQUIDITY_SWEEP_REVERSAL,157.43400,157.46100,158.59461,0.950,2025-01-13 08:05,2025-01-13 09:05,157.46100,TRAILED_SL,2.70,0.12,LONDON_OPEN,SELL,True,,True,1,False,0.00
GBPUSD,SELL,CONTINUATION_OB,1.21241,1.21345,1.19254,0.980,2025-01-13 12:10,2025-01-13 13:00,1.21345,SL_HIT,-10.40,-0.16,NY_OPEN,SELL,True,,False,1,False,0.00
USDJPY,SELL,CONTINUATION_OB,157.31000,157.33800,155.48839,0.880,2025-01-13 12:25,2025-01-13 13:40,157.33800,SL_HIT,-2.80,-0.05,NY_OPEN,SELL,True,,False,2,False,0.00
GBPUSD,SELL,CONTINUATION_OB,1.21241,1.21290,1.19410,1.000,2025-01-13 13:00,2025-01-13 13:15,1.21290,SL_HIT,-4.90,-0.33,NY_OPEN,SELL,True,,False,1,False,0.00
GBPUSD,SELL,CONTINUATION_OB,1.21270,1.21158,1.19370,0.980,2025-01-13 13:30,2025-01-13 14:40,1.21158,TRAILED_SL,9.55,0.15,NY_OPEN,SELL,True,,True,2,True,0.00
USDJPY,SELL,CONTINUATION_OB,157.32100,157.15700,155.53239,0.930,2025-01-13 13:40,2025-01-13 15:45,157.15700,TRAILED_SL,12.30,0.21,NY_OPEN,SELL,True,,True,2,True,0.00
GBPUSD,SELL,CONTINUATION_OB,1.21141,1.21331,1.18854,0.990,2025-01-13 14:40,2025-01-13 15:20,1.21331,SL_HIT,-19.00,-0.25,NY_OPEN,SELL,True,,False,1,False,0.00
GBPUSD,BUY,CHOCH,1.21400,1.21404,1.23012,0.820,2025-01-13 16:15,2025-01-13 17:25,1.21404,TRAILED_SL,0.70,0.01,LONDON_CLOSE,SELL,True,,True,2,True,0.00
USDJPY,SELL,LH_LL_CONTINUATION,157.11200,157.20500,156.72850,0.850,2025-01-13 16:20,2025-01-13 16:25,157.20500,SL_HIT,-9.30,-1.00,LONDON_CLOSE,SELL,True,,False,0,False,0.00
USDJPY,SELL,LH_LL_CONTINUATION,157.35300,157.49600,156.89250,0.900,2025-01-13 16:55,2025-01-13 17:30,157.49600,SL_HIT,-14.30,-1.00,LONDON_CLOSE,SELL,True,,False,0,False,0.00
USDJPY,SELL,LH_LL_CONTINUATION,157.62300,157.61725,157.42350,0.900,2025-01-14 07:35,2025-01-14 07:55,157.58000,GIVEBACK_GUARD,7.90,13.74,LONDON_OPEN,NEUTRAL,True,,True,0,True,19.65
GBPUSD,SELL,CHOCH,1.21871,1.21702,1.19791,0.920,2025-01-14 12:45,2025-01-14 15:30,1.21702,TRAILED_SL,11.85,0.14,NY_OPEN,SELL,True,,True,4,True,0.00
USDJPY,BUY,CONTINUATION_OB,157.83000,157.86400,160.09135,0.880,2025-01-14 12:50,2025-01-14 13:30,157.86400,TRAILED_SL,2.15,0.03,NY_OPEN,NEUTRAL,True,,True,2,True,0.00
USDJPY,BUY,FVG_CONTINUATION,157.89400,157.83300,158.91551,0.830,2025-01-14 13:30,2025-01-14 15:25,157.83300,SL_HIT,-6.10,-0.15,NY_OPEN,NEUTRAL,True,,False,2,False,0.00
USDJPY,SELL,CHOCH,157.78000,157.85400,156.11686,0.820,2025-01-14 16:20,2025-01-14 16:45,157.85400,SL_HIT,-7.40,-0.11,LONDON_CLOSE,NEUTRAL,True,,False,1,False,0.00
GBPUSD,SELL,LH_LL_CONTINUATION,1.21705,1.21698,1.21136,1.000,2025-01-14 16:40,2025-01-14 17:00,1.21761,GIVEBACK_GUARD,4.10,5.94,LONDON_CLOSE,SELL,True,,True,0,True,20.72
USDJPY,SELL,CHOCH,157.80600,158.15900,156.20786,0.820,2025-01-14 16:55,2025-01-14 19:25,158.15900,SL_HIT,-35.30,-0.55,LONDON_CLOSE,NEUTRAL,True,,False,1,False,0.00
USDJPY,SELL,LH_LL_CONTINUATION,157.28100,157.27635,156.26000,0.950,2025-01-15 09:00,2025-01-15 09:20,157.25800,GIVEBACK_GUARD,5.80,12.47,LONDON_OPEN,SELL,True,,True,0,True,15.70
GBPUSD,SELL,LIQUIDITY_SWEEP_REVERSAL,1.21937,1.22198,1.20746,0.950,2025-01-15 09:00,2025-01-15 09:45,1.22198,SL_HIT,-26.10,-1.00,LONDON_OPEN,SELL,True,,False,0,False,0.00
GBPUSD,BUY,CHOCH,1.22334,1.22117,1.24804,0.820,2025-01-15 09:55,2025-01-15 11:40,1.22117,SL_HIT,-21.70,-0.22,LONDON_OPEN,SELL,True,,False,1,False,0.00
USDJPY,SELL,FVG_CONTINUATION,156.96000,157.01100,155.90216,0.930,2025-01-15 13:35,2025-01-15 14:45,157.01100,SL_HIT,-5.10,-0.12,NY_OPEN,SELL,True,,False,1,False,0.00
GBPUSD,BUY,FVG_CONTINUATION,1.22672,1.22503,1.24024,0.780,2025-01-15 16:55,2025-01-15 17:45,1.22503,SL_HIT,-16.90,-0.31,LONDON_CLOSE,SELL,True,,False,1,False,0.00
USDJPY,SELL,CONTINUATION_OB,156.03300,156.11700,153.89741,0.980,2025-01-16 07:05,2025-01-16 08:00,156.11700,SL_HIT,-8.40,-0.12,LONDON_OPEN,NEUTRAL,True,,False,1,False,0.00
GBPUSD,BUY,CHOCH,1.22096,1.22029,1.23208,0.920,2025-01-16 13:45,2025-01-16 14:25,1.22029,SL_HIT,-6.70,-0.15,NY_OPEN,NEUTRAL,True,,False,1,False,0.00
USDJPY,SELL,LIQUIDITY_SWEEP_REVERSAL,155.98600,156.13500,154.66761,0.950,2025-01-16 15:40,2025-01-16 16:50,156.13500,SL_HIT,-14.90,-0.28,LONDON_CLOSE,NEUTRAL,True,,False,1,False,0.00
USDJPY,BUY,CHOCH,156.24700,156.24875,158.37554,0.820,2025-01-20 09:00,2025-01-20 12:00,156.24875,TRAILED_SL,1.84,0.02,LONDON_OPEN,SELL,True,,True,3,True,0.00
GBPUSD,SELL,LH_LL_CONTINUATION,1.21963,1.21962,1.21434,0.950,2025-01-20 13:20,2025-01-20 15:30,1.21962,TRAILED_SL,1.52,0.14,NY_OPEN,BUY,True,,True,1,True,0.00
USDJPY,SELL,LIQUIDITY_SWEEP_REVERSAL,155.88000,155.70000,154.24582,1.000,2025-01-20 15:30,2025-01-20 16:40,155.70000,TRAILED_SL,11.10,0.18,LONDON_CLOSE,SELL,True,,True,2,True,0.00
USDJPY,SELL,CHOCH,155.42300,155.73500,152.02065,1.000,2025-01-20 16:40,2025-01-20 17:15,155.73500,SL_HIT,-31.20,-1.00,LONDON_CLOSE,SELL,True,,False,0,False,0.00
GBPUSD,SELL,LH_LL_CONTINUATION,1.22780,1.22778,1.22696,0.750,2025-01-21 15:45,2025-01-21 15:55,1.22778,TRAILED_SL,1.90,10.50,LONDON_CLOSE,NEUTRAL,True,,True,0,True,0.00
GBPUSD,SELL,FVG_CONTINUATION,1.22858,1.22853,1.21503,0.930,2025-01-21 16:15,2025-01-21 17:10,1.22853,TRAILED_SL,4.99,0.51,LONDON_CLOSE,NEUTRAL,True,,True,1,True,0.00
USDJPY,BUY,LIQUIDITY_SWEEP_REVERSAL,155.54200,155.47200,156.56784,1.000,2025-01-21 16:45,2025-01-21 17:25,155.47200,SL_HIT,-7.00,-0.30,LONDON_CLOSE,NEUTRAL,True,,False,1,False,0.00
GBPUSD,BUY,LIQUIDITY_GRAB_CONTINUATION,1.23354,1.23167,1.23822,0.970,2025-01-22 08:20,2025-01-22 08:50,1.23167,SL_HIT,-18.73,-1.00,LONDON_OPEN,BUY,True,,False,0,False,0.00
USDJPY,SELL,CHOCH,155.70400,156.04200,153.90344,0.920,2025-01-22 12:00,2025-01-22 14:30,156.04200,SL_HIT,-33.80,-0.47,NY_OPEN,NEUTRAL,True,,False,1,False,0.00
GBPUSD,BUY,HH_HL_CONTINUATION,1.23436,1.23350,1.23856,0.850,2025-01-22 15:35,2025-01-22 16:10,1.23350,SL_HIT,-8.60,-0.37,LONDON_CLOSE,BUY,True,,False,1,False,0.00
GBPUSD,BUY,CHOCH,1.23175,1.23220,1.24549,1.000,2025-01-23 12:05,2025-01-23 12:50,1.23220,TRAILED_SL,5.40,17.14,NY_OPEN,BUY,True,,True,1,True,36.83
GBPUSD,BUY,CHOCH,1.23204,1.23205,1.24504,0.920,2025-01-23 12:50,2025-01-23 13:10,1.23205,TRAILED_SL,1.47,0.03,NY_OPEN,BUY,True,,True,1,True,0.00
USDJPY,SELL,FVG_CONTINUATION,156.40000,156.41200,155.52281,0.930,2025-01-23 13:00,2025-01-23 15:00,156.41200,SL_HIT,-1.20,-0.03,NY_OPEN,NEUTRAL,True,,False,3,False,0.00
GBPUSD,BUY,CHOCH,1.23244,1.23166,1.24682,1.000,2025-01-23 13:20,2025-01-23 13:45,1.23166,SL_HIT,-7.80,-1.00,NY_OPEN,BUY,True,,False,0,False,0.00
GBPUSD,BUY,CHOCH,1.23100,1.23106,1.24070,1.000,2025-01-23 13:50,2025-01-23 15:10,1.23101,GIVEBACK_GUARD,5.60,10.09,NY_OPEN,BUY,True,,True,0,True,11.35
USDJPY,SELL,CHOCH,155.14200,155.47400,151.17743,0.820,2025-01-24 07:00,2025-01-24 08:40,155.47400,SL_HIT,-33.20,-0.21,LONDON_OPEN,NEUTRAL,True,,False,1,False,0.00
USDJPY,BUY,LIQUIDITY_SWEEP_REVERSAL,155.35100,155.35405,157.01810,0.950,2025-01-24 08:40,2025-01-24 09:55,155.35405,TRAILED_SL,3.20,0.06,LONDON_OPEN,NEUTRAL,True,,True,1,True,0.00
GBPUSD,BUY,HH_HL_CONTINUATION,1.23888,1.23821,1.24164,0.950,2025-01-24 09:15,2025-01-24 09:30,1.23821,SL_HIT,-6.70,-1.00,LONDON_OPEN,BUY,True,,False,0,False,0.00
GBPUSD,BUY,HH_HL_CONTINUATION,1.23876,1.24118,1.24145,1.000,2025-01-24 09:50,2025-01-24 11:15,1.24118,TRAILED_SL,18.30,29.52,LONDON_OPEN,BUY,True,,True,1,True,46.77
USDJPY,BUY,CHOCH,155.38400,155.22900,157.52069,0.820,2025-01-24 09:55,2025-01-24 11:00,155.22900,SL_HIT,-15.50,-0.18,LONDON_OPEN,NEUTRAL,True,,False,2,False,0.00
GBPUSD,BUY,CONTINUATION_OB,1.24309,1.24221,1.26124,1.000,2025-01-24 12:05,2025-01-24 13:15,1.24221,SL_HIT,-8.80,-0.70,NY_OPEN,BUY,True,,False,1,False,0.00
GBPUSD,BUY,CONTINUATION_OB,1.24245,1.24150,1.25616,1.000,2025-01-24 13:15,2025-01-24 13:30,1.24150,SL_HIT,-9.50,-1.00,NY_OPEN,BUY,True,,False,0,False,0.00
GBPUSD,BUY,CONTINUATION_OB,1.24150,1.24102,1.25464,0.980,2025-01-24 13:55,2025-01-24 16:05,1.24102,SL_HIT,-4.80,-0.11,NY_OPEN,BUY,True,,False,3,False,0.00
USDJPY,BUY,FVG_CONTINUATION,156.08300,156.36700,156.93577,0.780,2025-01-24 14:20,2025-01-24 15:15,156.36700,TRAILED_SL,15.60,0.46,NY_OPEN,NEUTRAL,True,,True,2,True,1.28
GBPJPY,SELL,LIQUIDITY_SWEEP_REVERSAL,193.95400,194.23600,192.83849,0.950,2025-01-24 15:15,2025-01-24 16:15,194.23600,SL_HIT,-28.20,-1.00,LONDON_CLOSE,BUY,True,,False,0,False,0.00
USDJPY,BUY,FVG_CONTINUATION,156.33300,156.33815,157.24939,0.780,2025-01-24 15:25,2025-01-24 16:45,156.33815,TRAILED_SL,5.41,0.15,LONDON_CLOSE,NEUTRAL,True,,True,1,True,0.00
USDJPY,BUY,CHOCH,156.03700,156.03815,158.68345,0.820,2025-01-27 07:00,2025-01-27 07:25,156.03815,TRAILED_SL,1.21,0.01,LONDON_OPEN,NEUTRAL,True,,True,1,True,0.00
USDJPY,BUY,CHOCH,155.95300,156.02000,158.38945,0.820,2025-01-27 07:30,2025-01-27 08:50,156.02000,TRAILED_SL,6.70,0.07,LONDON_OPEN,NEUTRAL,True,,True,1,False,0.00
USDJPY,BUY,HH_HL_CONTINUATION,155.78500,155.79045,156.38650,0.750,2025-01-27 09:05,2025-01-27 10:00,155.79045,TRAILED_SL,5.72,0.36,LONDON_OPEN,NEUTRAL,True,,True,1,True,0.00
GBPJPY,BUY,HH_HL_CONTINUATION,193.92600,193.68186,194.42850,0.850,2025-01-27 09:15,2025-01-27 10:00,193.68186,SL_HIT,-24.41,-1.00,LONDON_OPEN,NEUTRAL,True,,False,0,False,0.00
GBPUSD,BUY,CHOCH,1.24939,1.24992,1.27260,0.920,2025-01-27 12:10,2025-01-27 16:50,1.24992,TRAILED_SL,5.30,0.06,NY_OPEN,NEUTRAL,True,,True,1,False,0.00
USDJPY,BUY,LIQUIDITY_SWEEP_REVERSAL,153.92200,154.02000,155.11828,1.000,2025-01-27 13:30,2025-01-27 14:50,154.02000,TRAILED_SL,8.25,0.29,NY_OPEN,NEUTRAL,True,,True,2,True,0.00
USDJPY,SELL,CONTINUATION_OB,154.43000,154.27400,152.14771,0.930,2025-01-27 15:25,2025-01-27 16:35,154.27400,TRAILED_SL,9.70,0.13,LONDON_CLOSE,NEUTRAL,True,,True,2,True,0.00
USDJPY,SELL,FVG_CONTINUATION,154.24900,154.50000,152.70872,0.830,2025-01-27 16:40,2025-01-27 17:30,154.50000,SL_HIT,-25.10,-0.41,LONDON_CLOSE,SELL,True,,False,1,False,0.00
GBPUSD,BUY,FVG_CONTINUATION,1.24854,1.24741,1.25803,0.930,2025-01-27 17:00,2025-01-27 18:30,1.24741,SL_HIT,-11.30,-0.30,LONDON_CLOSE,NEUTRAL,True,,False,1,False,0.00
GBPJPY,BUY,HH_HL_CONTINUATION,193.79300,193.62200,194.11400,0.950,2025-01-28 08:30,2025-01-28 10:00,193.62200,SL_HIT,-17.10,-1.00,LONDON_OPEN,NEUTRAL,True,,False,0,False,0.00
USDJPY,BUY,LIQUIDITY_SWEEP_REVERSAL,155.47200,155.31900,156.52502,0.850,2025-01-28 12:50,2025-01-28 14:20,155.31900,SL_HIT,-15.30,-0.36,NY_OPEN,SELL,True,,False,2,False,0.00
GBPUSD,BUY,FVG_CONTINUATION,1.24306,1.24184,1.25000,1.000,2025-01-28 13:50,2025-01-28 14:05,1.24184,SL_HIT,-12.20,-1.00,NY_OPEN,BUY,True,,False,0,False,0.00
GBPUSD,BUY,LIQUIDITY_GRAB_CONTINUATION,1.24308,1.24221,1.24794,0.970,2025-01-28 14:20,2025-01-28 15:40,1.24221,SL_HIT,-8.70,-0.45,NY_OPEN,BUY,True,,False,1,False,0.00
GBPJPY,SELL,CHOCH,193.02700,193.19700,189.57690,0.920,2025-01-28 14:30,2025-01-28 16:00,193.19700,SL_HIT,-17.00,-1.00,NY_OPEN,NEUTRAL,True,,False,0,False,0.00
USDJPY,SELL,LIQUIDITY_GRAB_CONTINUATION,155.49100,155.53500,154.91709,0.970,2025-01-28 15:45,2025-01-28 16:10,155.53500,SL_HIT,-4.40,-0.19,LONDON_CLOSE,SELL,True,,False,1,False,0.00
GBPUSD,BUY,CHOCH,1.24346,1.24349,1.25436,1.000,2025-01-28 17:00,2025-01-28 17:50,1.24349,TRAILED_SL,3.26,0.21,LONDON_CLOSE,BUY,True,,True,1,True,0.00
GBPUSD,BUY,HH_HL_CONTINUATION,1.24533,1.24487,1.24630,0.850,2025-01-29 07:10,2025-01-29 07:40,1.24487,SL_HIT,-4.60,-1.00,LONDON_OPEN,BUY,True,,False,0,False,0.00
GBPJPY,BUY,LIQUIDITY_SWEEP_REVERSAL,193.28500,193.01900,194.35762,0.950,2025-01-29 08:00,2025-01-29 10:45,193.01900,SL_HIT,-26.60,-1.00,LONDON_OPEN,NEUTRAL,True,,False,0,False,0.00
GBPUSD,BUY,HH_HL_CONTINUATION,1.24574,1.24523,1.24691,0.850,2025-01-29 08:30,2025-01-29 08:55,1.24523,SL_HIT,-5.10,-1.00,LONDON_OPEN,NEUTRAL,True,,False,0,False,0.00
USDJPY,SELL,LH_LL_CONTINUATION,155.36000,155.39700,154.81000,1.000,2025-01-29 12:05,2025-01-29 13:00,155.39700,SL_HIT,-3.70,-0.37,NY_OPEN,SELL,True,,False,1,False,0.00
GBPUSD,SELL,CHOCH,1.24141,1.24253,1.22295,0.820,2025-01-29 12:10,2025-01-29 13:20,1.24253,SL_HIT,-11.20,-0.15,NY_OPEN,NEUTRAL,True,,False,1,False,0.00
USDJPY,BUY,CHOCH,155.35800,155.36010,157.00555,0.820,2025-01-29 13:00,2025-01-29 14:00,155.36010,TRAILED_SL,2.21,0.03,NY_OPEN,SELL,True,,True,1,True,0.00
GBPUSD,SELL,CHOCH,1.24214,1.24213,1.22551,0.820,2025-01-29 13:20,2025-01-29 14:05,1.24213,TRAILED_SL,1.52,0.02,NY_OPEN,NEUTRAL,True,,True,1,True,0.00
GBPUSD,SELL,LH_LL_CONTINUATION,1.24168,1.24255,1.23609,0.850,2025-01-29 14:05,2025-01-29 14:55,1.24255,SL_HIT,-8.70,-1.00,NY_OPEN,NEUTRAL,True,,False,0,False,0.00
USDJPY,BUY,CHOCH,155.42900,155.32900,157.25405,0.820,2025-01-29 14:10,2025-01-29 15:05,155.32900,SL_HIT,-10.00,-0.14,NY_OPEN,SELL,True,,False,1,False,0.00
GBPUSD,SELL,FVG_CONTINUATION,1.24251,1.24112,1.23535,0.830,2025-01-29 14:55,2025-01-29 17:10,1.24112,TRAILED_SL,9.05,0.32,NY_OPEN,NEUTRAL,True,,True,2,True,0.00
GBPJPY,SELL,LH_LL_CONTINUATION,192.71500,192.70505,192.20050,0.850,2025-01-29 16:30,2025-01-29 17:00,192.70505,TRAILED_SL,10.45,10.50,LONDON_CLOSE,SELL,True,,True,0,True,3.92
USDJPY,SELL,LH_LL_CONTINUATION,154.51200,154.56600,153.25500,0.850,2025-01-30 07:30,2025-01-30 08:00,154.56600,SL_HIT,-5.40,-0.11,LONDON_OPEN,SELL,True,,False,1,False,0.00
GBPUSD,SELL,LH_LL_CONTINUATION,1.24444,1.24419,1.24299,0.950,2025-01-30 08:00,2025-01-30 09:40,1.24453,GIVEBACK_GUARD,3.00,8.70,LONDON_OPEN,NEUTRAL,True,,True,1,True,30.14
USDJPY,SELL,LH_LL_CONTINUATION,154.63000,154.56600,153.37300,0.850,2025-01-30 08:05,2025-01-30 09:45,154.56600,TRAILED_SL,6.20,0.17,LONDON_OPEN,SELL,True,,True,2,True,0.00
GBPJPY,SELL,LIQUIDITY_GRAB_CONTINUATION,192.44600,191.70669,191.62455,1.000,2025-01-30 10:00,2025-01-30 15:00,191.70669,TRAILED_SL,38.22,1.86,LONDON_OPEN,SELL,True,,True,2,True,4.29
GBPUSD,SELL,CHOCH,1.24267,1.24476,1.22756,0.920,2025-01-30 14:00,2025-01-30 15:50,1.24476,SL_HIT,-20.90,-0.35,NY_OPEN,NEUTRAL,True,,False,1,False,0.00
USDJPY,SELL,CONTINUATION_OB,154.17900,154.17685,152.01545,0.980,2025-01-30 15:30,2025-01-30 16:20,154.17685,TRAILED_SL,2.26,0.03,LONDON_CLOSE,SELL,True,,True,1,True,0.00
GBPUSD,BUY,CHOCH,1.24673,1.24677,1.26367,0.820,2025-01-30 15:55,2025-01-30 17:30,1.24677,TRAILED_SL,3.78,0.06,LONDON_CLOSE,NEUTRAL,True,,True,1,True,0.00
USDJPY,SELL,CONTINUATION_OB,154.17600,154.00900,152.00345,0.980,2025-01-30 16:25,2025-01-30 17:10,154.00900,TRAILED_SL,11.10,0.15,LONDON_CLOSE,NEUTRAL,True,,True,2,True,0.00
USDJPY,BUY,CHOCH,154.48500,154.66800,156.68457,0.820,2025-01-31 07:05,2025-01-31 08:00,154.66800,TRAILED_SL,18.30,0.21,LONDON_OPEN,NEUTRAL,True,,False,1,False,0.00
USDJPY,BUY,CHOCH,154.88300,154.62400,158.07757,0.820,2025-01-31 08:10,2025-01-31 09:45,154.62400,SL_HIT,-25.90,-0.20,LONDON_OPEN,SELL,True,,False,2,False,0.00
USDJPY,BUY,CONTINUATION_OB,154.70300,154.58100,156.57991,1.000,2025-01-31 09:45,2025-01-31 10:15,154.58100,SL_HIT,-12.20,-1.00,LONDON_OPEN,SELL,True,,False,0,False,0.00
USDJPY,SELL,LH_LL_CONTINUATION,154.71000,154.75900,154.59050,0.850,2025-01-31 12:05,2025-01-31 12:10,154.75900,SL_HIT,-4.90,-1.00,NY_OPEN,SELL,True,,False,0,False,0.00
GBPUSD,SELL,CHOCH,1.24168,1.24166,1.22984,0.820,2025-01-31 12:10,2025-01-31 14:15,1.24166,TRAILED_SL,1.94,0.04,NY_OPEN,SELL,True,,True,1,True,0.00
GBPJPY,SELL,CONTINUATION_OB,192.30200,192.41100,190.93176,1.000,2025-01-31 14:30,2025-01-31 15:00,192.41100,SL_HIT,-10.90,-1.00,NY_OPEN,SELL,True,,False,0,False,0.00
USDJPY,BUY,HH_HL_CONTINUATION,154.67200,154.57900,154.96750,0.850,2025-01-31 17:00,2025-01-31 17:15,154.57900,SL_HIT,-9.30,-1.00,LONDON_CLOSE,SELL,True,,False,0,False,0.00
GBPUSD,SELL,FVG_CONTINUATION,1.22885,1.22919,1.22118,0.930,2025-02-03 08:10,2025-02-03 08:40,1.22919,SL_HIT,-3.40,-0.11,LONDON_OPEN,NEUTRAL,True,,False,1,False,0.00
GBPUSD,SELL,FVG_CONTINUATION,1.22910,1.22907,1.22205,0.930,2025-02-03 08:40,2025-02-03 09:30,1.22907,TRAILED_SL,3.05,0.11,LONDON_OPEN,NEUTRAL,True,,True,1,True,0.00
USDJPY,SELL,LH_LL_CONTINUATION,155.60400,155.36280,155.33600,0.900,2025-02-03 09:50,2025-02-03 11:05,155.36280,TRAILED_SL,15.71,1.31,LONDON_OPEN,NEUTRAL,True,,True,2,True,2.67
GBPUSD,SELL,FVG_CONTINUATION,1.23975,1.24047,1.23137,0.880,2025-02-04 07:45,2025-02-04 08:50,1.24047,SL_HIT,-7.20,-0.21,LONDON_OPEN,NEUTRAL,True,,False,1,False,0.00
USDJPY,BUY,FVG_CONTINUATION,155.17500,155.17770,156.18291,0.930,2025-02-04 09:40,2025-02-04 11:10,155.17770,TRAILED_SL,2.84,0.07,LONDON_OPEN,BUY,True,,True,1,True,0.00
GBPJPY,SELL,LH_LL_CONTINUATION,193.06000,193.03500,191.84950,0.850,2025-02-04 10:00,2025-02-04 11:00,192.98600,GIVEBACK_GUARD,4.95,0.28,LONDON_OPEN,BUY,True,,True,1,True,1.90
USDJPY,BUY,LIQUIDITY_GRAB_CONTINUATION,155.17700,155.07400,155.65485,0.970,2025-02-04 16:05,2025-02-04 16:30,155.07400,SL_HIT,-10.30,-0.54,LONDON_CLOSE,NEUTRAL,True,,False,1,False,0.00
USDJPY,SELL,LH_LL_CONTINUATION,153.41900,153.50300,153.28550,0.900,2025-02-05 07:10,2025-02-05 07:20,153.50300,SL_HIT,-8.40,-1.00,LONDON_OPEN,NEUTRAL,True,,False,0,False,0.00
GBPUSD,SELL,LH_LL_CONTINUATION,1.24688,1.24686,1.24613,0.850,2025-02-05 07:10,2025-02-05 07:55,1.24676,GIVEBACK_GUARD,2.70,12.86,LONDON_OPEN,NEUTRAL,True,,True,0,True,22.86
GBPUSD,BUY,CHOCH,1.24851,1.25329,1.25879,0.820,2025-02-05 09:10,2025-02-05 13:45,1.25329,TRAILED_SL,24.95,0.61,LONDON_OPEN,NEUTRAL,True,,True,3,False,1.55
GBPJPY,SELL,LIQUIDITY_GRAB_CONTINUATION,191.43700,191.69450,190.79324,0.870,2025-02-05 09:15,2025-02-05 10:00,191.69450,SL_HIT,-25.75,-1.00,LONDON_OPEN,SELL,True,,False,0,False,0.00
USDJPY,SELL,CONTINUATION_OB,152.66700,152.88900,150.56363,0.880,2025-02-05 12:15,2025-02-05 14:40,152.88900,SL_HIT,-22.20,-0.32,NY_OPEN,SELL,True,,False,1,False,0.00
USDJPY,SELL,CONTINUATION_OB,152.91800,152.91610,151.56763,0.880,2025-02-05 14:40,2025-02-05 15:00,152.91610,TRAILED_SL,1.99,0.04,NY_OPEN,SELL,True,,True,1,True,0.00
USDJPY,SELL,CONTINUATION_OB,152.74400,153.09000,150.87163,0.880,2025-02-05 15:10,2025-02-05 15:55,153.09000,SL_HIT,-34.60,-0.55,LONDON_CLOSE,SELL,True,,False,1,False,0.00
GBPJPY,BUY,HH_HL_CONTINUATION,191.57800,191.60300,192.01000,0.850,2025-02-05 15:30,2025-02-05 16:00,191.60300,TRAILED_SL,2.50,0.15,LONDON_CLOSE,SELL,True,,False,1,True,1.41
USDJPY,SELL,CONTINUATION_OB,152.31600,152.31565,150.09149,0.880,2025-02-06 07:00,2025-02-06 07:35,152.31565,TRAILED_SL,0.37,0.00,LONDON_OPEN,SELL,True,,True,2,True,0.00
GBPUSD,SELL,FVG_CONTINUATION,1.24910,1.24909,1.24210,0.830,2025-02-06 07:00,2025-02-06 08:35,1.24909,TRAILED_SL,0.58,0.02,LONDON_OPEN,BUY,True,,True,1,True,0.00
GBPUSD,SELL,LH_LL_CONTINUATION,1.24830,1.24668,1.24650,0.850,2025-02-06 09:00,2025-02-06 10:10,1.24668,TRAILED_SL,10.80,40.00,LONDON_OPEN,BUY,True,,True,3,True,79.63
USDJPY,SELL,CHOCH,152.38400,152.11900,150.34453,0.920,2025-02-06 15:10,2025-02-06 17:00,152.11900,TRAILED_SL,21.85,0.27,LONDON_CLOSE,SELL,True,,True,2,False,0.00
GBPUSD,SELL,CONTINUATION_OB,1.23936,1.24164,1.22194,0.880,2025-02-06 16:05,2025-02-06 17:15,1.24164,SL_HIT,-22.80,-0.39,LONDON_CLOSE,BUY,True,,False,1,False,0.00
GBPUSD,BUY,CHOCH,1.24384,1.24552,1.25482,0.920,2025-02-07 09:15,2025-02-07 12:40,1.24552,TRAILED_SL,11.40,0.26,LONDON_OPEN,NEUTRAL,True,,True,4,True,0.00
GBPUSD,BUY,HH_HL_CONTINUATION,1.24536,1.24466,1.25127,0.850,2025-02-07 13:45,2025-02-07 14:25,1.24466,SL_HIT,-7.00,-0.21,NY_OPEN,NEUTRAL,True,,False,1,False,0.00
GBPUSD,BUY,HH_HL_CONTINUATION,1.24470,1.24483,1.25061,0.850,2025-02-07 14:25,2025-02-07 15:35,1.24483,TRAILED_SL,13.96,10.50,NY_OPEN,NEUTRAL,True,,True,0,True,0.00
USDJPY,SELL,LIQUIDITY_SWEEP_REVERSAL,151.74400,151.57300,149.69047,0.990,2025-02-07 15:40,2025-02-07 17:00,151.57300,TRAILED_SL,20.70,0.25,LONDON_CLOSE,SELL,True,,True,3,True,0.00
GBPUSD,SELL,LIQUIDITY_SWEEP_REVERSAL,1.24365,1.24475,1.22648,0.850,2025-02-07 15:40,2025-02-07 17:45,1.24475,SL_HIT,-11.00,-0.16,LONDON_CLOSE,NEUTRAL,True,,False,1,False,0.00
USDJPY,SELL,CONTINUATION_OB,151.31000,151.68200,147.91052,1.000,2025-02-07 17:00,2025-02-07 17:35,151.68200,SL_HIT,-37.20,-1.00,LONDON_CLOSE,SELL,True,,False,0,False,0.00
GBPUSD,BUY,FVG_CONTINUATION,1.24031,1.24107,1.24751,0.830,2025-02-10 12:05,2025-02-10 13:20,1.24107,TRAILED_SL,7.60,0.26,NY_OPEN,SELL,True,,True,1,False,0.00
GBPUSD,SELL,CHOCH,1.23965,1.23960,1.22207,0.920,2025-02-10 14:00,2025-02-10 14:40,1.23911,GIVEBACK_GUARD,7.65,15.45,NY_OPEN,SELL,True,,True,0,True,29.09
GBPUSD,BUY,LIQUIDITY_GRAB_CONTINUATION,1.23911,1.23914,1.24406,0.870,2025-02-10 14:40,2025-02-10 15:25,1.23914,TRAILED_SL,3.57,0.18,NY_OPEN,SELL,True,,True,1,True,0.00
GBPUSD,SELL,CHOCH,1.23937,1.23934,1.22613,0.820,2025-02-10 15:25,2025-02-10 15:50,1.23934,TRAILED_SL,2.73,0.05,LONDON_CLOSE,SELL,True,,True,1,True,0.00
GBPJPY,SELL,CHOCH,188.28000,188.25500,185.18179,1.000,2025-02-10 15:30,2025-02-10 15:45,188.25500,TRAILED_SL,2.50,0.27,LONDON_CLOSE,SELL,True,,False,1,True,1.27
GBPUSD,SELL,CHOCH,1.23905,1.23888,1.22501,0.820,2025-02-10 15:55,2025-02-10 17:30,1.23888,TRAILED_SL,1.70,0.03,LONDON_CLOSE,SELL,True,,True,1,False,0.00
GBPUSD,SELL,LH_LL_CONTINUATION,1.23622,1.23498,1.23484,0.900,2025-02-11 08:05,2025-02-11 09:10,1.23498,TRAILED_SL,8.00,0.98,LONDON_OPEN,SELL,True,,True,2,True,1.93
GBPUSD,SELL,CHOCH,1.23579,1.23655,1.22413,0.920,2025-02-11 12:35,2025-02-11 13:00,1.23655,SL_HIT,-7.60,-1.00,NY_OPEN,NEUTRAL,True,,False,0,False,0.00
USDJPY,BUY,HH_HL_CONTINUATION,152.43300,152.29300,152.79900,0.950,2025-02-11 16:20,2025-02-11 16:40,152.29300,SL_HIT,-14.00,-1.00,LONDON_CLOSE,NEUTRAL,True,,False,0,False,0.00
USDJPY,BUY,HH_HL_CONTINUATION,152.29100,152.29555,152.48750,0.950,2025-02-11 16:55,2025-02-11 17:05,152.29555,TRAILED_SL,4.78,10.50,LONDON_CLOSE,NEUTRAL,True,,True,0,True,0.00
USDJPY,BUY,HH_HL_CONTINUATION,153.58600,153.58795,155.27350,0.850,2025-02-12 08:55,2025-02-12 09:20,153.58795,TRAILED_SL,2.05,0.05,LONDON_OPEN,BUY,True,,True,1,True,0.00
USDJPY,BUY,LIQUIDITY_SWEEP_REVERSAL,153.67900,153.50600,154.67259,0.950,2025-02-12 09:55,2025-02-12 10:55,153.50600,SL_HIT,-17.30,-0.44,LONDON_OPEN,BUY,True,,False,1,False,0.00
GBPUSD,BUY,CHOCH,1.24396,1.24497,1.25130,0.820,2025-02-12 12:05,2025-02-12 15:00,1.24497,TRAILED_SL,6.45,0.22,NY_OPEN,SELL,True,,True,2,True,0.00
USDJPY,BUY,HH_HL_CONTINUATION,153.61100,153.51800,153.89250,0.950,2025-02-12 13:05,2025-02-12 13:20,153.51800,SL_HIT,-9.30,-1.00,NY_OPEN,BUY,True,,False,0,False,0.00
GBPUSD,BUY,CHOCH,1.24428,1.24102,1.25242,0.820,2025-02-12 15:05,2025-02-12 15:30,1.24102,SL_HIT,-32.57,-1.00,LONDON_CLOSE,SELL,True,,False,0,False,0.00
USDJPY,BUY,CHOCH,154.30100,154.30565,157.35044,0.920,2025-02-12 15:30,2025-02-12 16:15,154.30565,TRAILED_SL,4.88,0.04,LONDON_CLOSE,BUY,True,,True,1,True,0.00
USDJPY,BUY,CHOCH,154.15500,154.40100,156.83944,0.920,2025-02-12 16:25,2025-02-12 17:40,154.40100,TRAILED_SL,24.60,0.23,LONDON_CLOSE,BUY,True,,True,1,False,0.00
USDJPY,BUY,LIQUIDITY_SWEEP_REVERSAL,154.11600,154.11720,154.90339,0.950,2025-02-13 09:10,2025-02-13 10:25,154.11720,TRAILED_SL,1.26,0.04,LONDON_OPEN,BUY,True,,True,1,True,0.00
GBPUSD,SELL,FVG_CONTINUATION,1.25033,1.24719,1.24330,0.830,2025-02-13 13:05,2025-02-13 14:50,1.24719,TRAILED_SL,16.30,0.58,NY_OPEN,BUY,True,,True,3,True,1.53
GBPUSD,SELL,FVG_CONTINUATION,1.24824,1.25120,1.24085,0.830,2025-02-13 16:50,2025-02-13 17:15,1.25120,SL_HIT,-29.57,-1.00,LONDON_CLOSE,BUY,True,,False,0,False,0.00
GBPJPY,SELL,LH_LL_CONTINUATION,192.17500,192.15000,191.53150,0.750,2025-02-13 17:00,2025-02-13 17:15,192.15000,TRAILED_SL,2.50,0.33,LONDON_CLOSE,BUY,True,,False,1,True,3.53
GBPUSD,SELL,LH_LL_CONTINUATION,1.25579,1.25631,1.25490,0.850,2025-02-14 08:25,2025-02-14 09:05,1.25631,SL_HIT,-5.20,-1.00,LONDON_OPEN,BUY,True,,False,0,False,0.00
GBPUSD,SELL,LIQUIDITY_GRAB_CONTINUATION,1.25711,1.25875,1.25302,0.870,2025-02-14 09:20,2025-02-14 10:30,1.25875,SL_HIT,-16.37,-1.00,LONDON_OPEN,BUY,True,,False,0,False,0.00
GBPUSD,SELL,LH_LL_CONTINUATION,1.25846,1.25845,1.25757,0.750,2025-02-14 12:00,2025-02-14 12:10,1.25846,GIVEBACK_GUARD,1.36,10.00,NY_OPEN,BUY,True,,True,0,True,2.13
GBPUSD,BUY,HH_HL_CONTINUATION,1.25791,1.25795,1.26295,0.750,2025-02-14 14:00,2025-02-14 14:45,1.25795,TRAILED_SL,4.30,0.14,NY_OPEN,BUY,True,,True,1,True,0.00
GBPUSD,BUY,HH_HL_CONTINUATION,1.25972,1.25923,1.26156,0.950,2025-02-17 07:00,2025-02-17 07:20,1.25923,SL_HIT,-4.90,-1.00,LONDON_OPEN,BUY,True,,False,0,False,0.00
GBPJPY,SELL,CONTINUATION_OB,190.92200,190.89700,188.36365,0.980,2025-02-17 07:00,2025-02-17 08:15,190.89700,TRAILED_SL,2.50,0.15,LONDON_OPEN,NEUTRAL,True,,True,1,True,0.00
GBPUSD,BUY,FVG_CONTINUATION,1.25875,1.25876,1.26534,0.930,2025-02-17 07:30,2025-02-17 09:20,1.25876,TRAILED_SL,1.00,0.04,LONDON_OPEN,BUY,True,,True,1,True,0.00
USDJPY,BUY,CHOCH,151.89800,151.84300,153.84089,1.000,2025-02-17 10:00,2025-02-17 10:20,151.84300,SL_HIT,-5.50,-0.71,LONDON_OPEN,SELL,True,,False,1,False,0.00
USDJPY,BUY,FVG_CONTINUATION,151.77900,151.63400,152.70755,0.930,2025-02-17 12:00,2025-02-17 13:25,151.63400,SL_HIT,-14.50,-0.39,NY_OPEN,SELL,True,,False,1,False,0.00
GBPUSD,BUY,CHOCH,1.26141,1.26143,1.27334,1.000,2025-02-18 09:00,2025-02-18 09:20,1.26143,TRAILED_SL,1.73,0.08,LONDON_OPEN,BUY,True,,True,1,True,0.00
GBPUSD,BUY,CHOCH,1.26161,1.26071,1.27368,0.920,2025-02-18 09:35,2025-02-18 10:15,1.26071,SL_HIT,-9.00,-0.19,LONDON_OPEN,BUY,True,,False,1,False,0.00
GBPUSD,BUY,LIQUIDITY_GRAB_CONTINUATION,1.25952,1.25954,1.26362,0.970,2025-02-18 12:45,2025-02-18 14:15,1.25954,TRAILED_SL,1.94,0.12,NY_OPEN,BUY,True,,True,1,True,0.00
GBPJPY,SELL,CONTINUATION_OB,191.15900,191.04800,188.59923,1.000,2025-02-18 14:15,2025-02-18 15:15,191.04800,TRAILED_SL,15.15,15.78,NY_OPEN,NEUTRAL,True,,True,1,True,32.60
USDJPY,BUY,CHOCH,151.72300,151.68900,152.59389,0.820,2025-02-18 14:50,2025-02-18 15:35,151.68900,SL_HIT,-3.40,-0.10,NY_OPEN,SELL,True,,False,1,False,0.00
GBPUSD,BUY,CHOCH,1.26040,1.26092,1.27207,0.920,2025-02-18 16:15,2025-02-18 18:35,1.26092,TRAILED_SL,7.50,0.16,LONDON_CLOSE,BUY,True,,True,3,True,0.00
USDJPY,BUY,CHOCH,151.77000,151.66000,152.90265,0.920,2025-02-18 16:30,2025-02-18 17:15,151.66000,SL_HIT,-11.00,-1.00,LONDON_CLOSE,SELL,True,,False,0,False,0.00
GBPUSD,SELL,CHOCH,1.25995,1.25863,1.24403,0.820,2025-02-19 12:05,2025-02-19 14:15,1.25863,TRAILED_SL,7.75,0.12,NY_OPEN,BUY,True,,True,2,False,0.00
USDJPY,SELL,LH_LL_CONTINUATION,151.81700,151.81275,151.67750,0.900,2025-02-19 12:20,2025-02-19 13:05,151.80500,GIVEBACK_GUARD,4.85,11.41,NY_OPEN,SELL,True,,True,0,True,20.00
USDJPY,BUY,CHOCH,151.84200,151.24690,153.32975,0.820,2025-02-19 14:30,2025-02-19 17:00,151.24690,SL_HIT,-59.51,-1.00,NY_OPEN,SELL,True,,False,0,False,0.00
GBPUSD,SELL,CHOCH,1.25950,1.26130,1.25150,0.820,2025-02-20 09:45,2025-02-20 10:30,1.26130,SL_HIT,-18.00,-0.56,LONDON_OPEN,NEUTRAL,True,,False,1,False,0.00
GBPUSD,BUY,FVG_CONTINUATION,1.26031,1.26067,1.26758,0.830,2025-02-20 13:35,2025-02-20 15:05,1.26067,TRAILED_SL,3.60,0.12,NY_OPEN,NEUTRAL,True,,False,2,False,0.00
GBPJPY,BUY,CONTINUATION_OB,189.40900,189.23300,191.84784,1.000,2025-02-20 13:45,2025-02-20 14:00,189.23300,SL_HIT,-17.60,-1.00,NY_OPEN,NEUTRAL,True,,False,0,False,0.00
GBPJPY,BUY,LIQUIDITY_SWEEP_REVERSAL,189.18000,189.20500,190.26983,0.950,2025-02-20 15:30,2025-02-20 16:30,189.20500,TRAILED_SL,2.50,0.09,LONDON_CLOSE,NEUTRAL,True,,True,1,True,0.00
GBPUSD,SELL,LIQUIDITY_GRAB_CONTINUATION,1.26197,1.26192,1.25576,1.000,2025-02-20 15:35,2025-02-20 16:25,1.26190,GIVEBACK_GUARD,5.55,10.67,LONDON_CLOSE,NEUTRAL,True,,True,0,True,17.12
USDJPY,BUY,HH_HL_CONTINUATION,150.34300,150.34435,151.92700,0.850,2025-02-21 07:00,2025-02-21 07:45,150.34435,TRAILED_SL,1.42,0.03,LONDON_OPEN,NEUTRAL,True,,True,1,True,0.00
GBPJPY,BUY,HH_HL_CONTINUATION,190.40600,190.43100,192.40250,0.850,2025-02-21 07:15,2025-02-21 08:00,190.43100,TRAILED_SL,2.50,0.22,LONDON_OPEN,NEUTRAL,True,,False,1,True,1.32
USDJPY,BUY,HH_HL_CONTINUATION,150.35700,150.36900,151.94100,0.850,2025-02-21 07:45,2025-02-21 09:15,150.36900,TRAILED_SL,4.05,0.08,LONDON_OPEN,NEUTRAL,True,,True,2,True,0.00
GBPUSD,SELL,LIQUIDITY_GRAB_CONTINUATION,1.26725,1.26716,1.26253,0.870,2025-02-21 09:05,2025-02-21 10:35,1.26687,GIVEBACK_GUARD,11.34,12.01,LONDON_OPEN,BUY,True,,True,0,True,16.74
USDJPY,BUY,HH_HL_CONTINUATION,150.50300,150.43200,152.08700,0.850,2025-02-21 09:25,2025-02-21 10:20,150.43200,SL_HIT,-7.10,-0.14,LONDON_OPEN,SELL,True,,False,1,False,0.00
USDJPY,SELL,LH_LL_CONTINUATION,150.45200,150.29945,150.28250,0.850,2025-02-21 12:15,2025-02-21 13:25,150.29945,TRAILED_SL,12.48,25.73,NY_OPEN,SELL,True,,True,1,True,37.32
GBPJPY,SELL,CHOCH,190.23100,190.20600,187.49879,0.920,2025-02-21 12:30,2025-02-21 14:30,190.18500,GIVEBACK_GUARD,3.55,0.17,NY_OPEN,SELL,True,,True,1,True,1.33
USDJPY,SELL,LH_LL_CONTINUATION,150.36800,150.41600,150.25300,0.850,2025-02-21 14:20,2025-02-21 14:40,150.41600,SL_HIT,-4.80,-1.00,NY_OPEN,SELL,True,,False,0,False,0.00
USDJPY,SELL,LH_LL_CONTINUATION,150.45300,150.44935,150.32700,0.850,2025-02-21 15:05,2025-02-21 15:25,150.32700,TP_HIT,9.95,27.26,LONDON_CLOSE,SELL,True,,True,0,True,29.32
GBPUSD,BUY,CHOCH,1.26567,1.26392,1.27699,0.920,2025-02-21 16:25,2025-02-21 17:20,1.26392,SL_HIT,-17.50,-1.00,LONDON_CLOSE,BUY,True,,False,0,False,0.00
GBPUSD,BUY,HH_HL_CONTINUATION,1.26751,1.26725,1.27242,0.850,2025-02-24 07:10,2025-02-24 08:00,1.26725,SL_HIT,-2.60,-0.35,LONDON_OPEN,BUY,True,,False,1,False,0.00
GBPUSD,BUY,HH_HL_CONTINUATION,1.26707,1.26663,1.27198,0.750,2025-02-24 08:00,2025-02-24 08:25,1.26663,SL_HIT,-4.40,-0.17,LONDON_OPEN,BUY,True,,False,1,False,0.00
GBPUSD,BUY,HH_HL_CONTINUATION,1.26620,1.26623,1.27111,0.750,2025-02-24 08:40,2025-02-24 09:10,1.26623,TRAILED_SL,2.94,0.18,LONDON_OPEN,BUY,True,,True,1,True,0.00
GBPUSD,BUY,HH_HL_CONTINUATION,1.26619,1.26454,1.27110,0.750,2025-02-24 09:10,2025-02-24 09:35,1.26454,SL_HIT,-16.54,-1.00,LONDON_OPEN,BUY,True,,False,0,False,0.00
GBPUSD,SELL,CHOCH,1.26408,1.26405,1.24528,0.820,2025-02-24 09:40,2025-02-24 10:45,1.26405,TRAILED_SL,3.36,0.04,LONDON_OPEN,BUY,True,,True,1,True,0.00
GBPJPY,SELL,CONTINUATION_OB,189.26000,189.25240,187.92304,1.000,2025-02-24 13:45,2025-02-24 14:15,189.25240,TRAILED_SL,7.98,10.50,NY_OPEN,SELL,True,,True,0,True,0.00
USDJPY,SELL,CHOCH,149.47100,149.31800,147.71664,0.920,2025-02-24 16:35,2025-02-24 17:50,149.31800,TRAILED_SL,12.20,0.17,LONDON_CLOSE,SELL,True,,True,2,False,0.00
USDJPY,SELL,CHOCH,149.56300,149.56100,147.17550,1.000,2025-02-25 07:15,2025-02-25 07:25,149.56100,TRAILED_SL,2.10,10.50,LONDON_OPEN,SELL,True,,True,0,True,0.00
USDJPY,SELL,CHOCH,149.71200,149.70875,147.49050,0.920,2025-02-25 07:50,2025-02-25 08:20,149.70875,TRAILED_SL,3.41,0.04,LONDON_OPEN,SELL,True,,True,1,True,0.00
GBPJPY,BUY,CHOCH,189.26800,189.08100,191.29967,0.920,2025-02-25 08:15,2025-02-25 09:00,189.08100,SL_HIT,-18.70,-1.00,LONDON_OPEN,SELL,True,,False,0,False,0.00
USDJPY,SELL,CHOCH,149.58500,149.58360,147.04600,0.920,2025-02-25 09:10,2025-02-25 11:20,149.58360,TRAILED_SL,1.47,0.01,LONDON_OPEN,SELL,True,,True,1,True,0.00
GBPUSD,SELL,CHOCH,1.26201,1.26197,1.24856,0.920,2025-02-25 09:45,2025-02-25 10:05,1.26197,TRAILED_SL,4.62,10.50,LONDON_OPEN,NEUTRAL,True,,True,0,True,0.00
USDJPY,SELL,CONTINUATION_OB,149.78700,149.78455,148.82816,0.990,2025-02-25 12:05,2025-02-25 12:35,149.78455,TRAILED_SL,2.57,0.08,NY_OPEN,SELL,True,,True,1,True,0.00
GBPJPY,SELL,CONTINUATION_OB,188.98300,189.12200,186.91724,1.000,2025-02-25 12:15,2025-02-25 12:30,189.12200,SL_HIT,-13.90,-1.00,NY_OPEN,NEUTRAL,True,,False,0,False,0.00
USDJPY,SELL,CONTINUATION_OB,149.78700,148.92404,148.82816,0.990,2025-02-25 12:35,2025-02-25 17:15,148.92404,TRAILED_SL,45.05,1.41,NY_OPEN,SELL,True,,True,4,True,3.19
GBPJPY,SELL,LH_LL_CONTINUATION,189.55000,189.52500,188.54650,0.750,2025-02-25 13:45,2025-02-25 14:00,189.52500,TRAILED_SL,2.50,0.21,NY_OPEN,NEUTRAL,True,,False,1,True,2.04
GBPUSD,BUY,HH_HL_CONTINUATION,1.26631,1.26631,1.27350,0.750,2025-02-25 16:40,2025-02-25 17:45,1.26631,TRAILED_SL,0.42,0.01,LONDON_CLOSE,BUY,True,,True,1,True,0.00
GBPJPY,BUY,HH_HL_CONTINUATION,188.90200,188.80962,189.14350,0.750,2025-02-25 16:45,2025-02-25 17:00,188.80962,SL_HIT,-9.24,-1.00,LONDON_CLOSE,SELL,True,,False,0,False,0.00
USDJPY,SELL,FVG_CONTINUATION,149.51800,149.57600,148.27943,0.930,2025-02-26 12:55,2025-02-26 13:40,149.57600,SL_HIT,-5.80,-0.12,NY_OPEN,NEUTRAL,True,,False,1,False,0.00
USDJPY,SELL,FVG_CONTINUATION,149.57600,149.57490,148.48243,0.930,2025-02-26 13:40,2025-02-26 14:10,149.57490,TRAILED_SL,1.16,0.03,NY_OPEN,NEUTRAL,True,,True,1,True,0.00
USDJPY,SELL,FVG_CONTINUATION,149.57600,149.57470,148.48243,0.930,2025-02-26 14:10,2025-02-26 14:55,149.57470,TRAILED_SL,1.36,0.03,NY_OPEN,NEUTRAL,True,,True,1,True,0.00
USDJPY,SELL,FVG_CONTINUATION,149.61300,149.48600,148.61193,0.930,2025-02-26 14:55,2025-02-26 15:35,149.48600,TRAILED_SL,12.70,0.32,NY_OPEN,NEUTRAL,True,,True,1,False,0.00
USDJPY,SELL,LIQUIDITY_GRAB_CONTINUATION,149.53400,149.52412,149.04005,0.990,2025-02-26 15:35,2025-02-26 16:45,149.67600,GIVEBACK_GUARD,2.78,2.81,LONDON_CLOSE,NEUTRAL,True,,True,0,True,7.19
USDJPY,SELL,LH_LL_CONTINUATION,149.27700,149.33500,149.13450,0.950,2025-02-27 07:40,2025-02-27 07:45,149.33500,SL_HIT,-5.80,-1.00,LONDON_OPEN,NEUTRAL,True,,False,0,False,0.00
USDJPY,SELL,LIQUIDITY_GRAB_CONTINUATION,149.31400,149.31000,148.66794,0.970,2025-02-27 08:30,2025-02-27 09:25,149.31000,TRAILED_SL,0.40,0.02,LONDON_OPEN,NEUTRAL,True,,False,1,False,0.00
GBPUSD,BUY,CHOCH,1.26663,1.26668,1.27703,0.920,2025-02-27 09:45,2025-02-27 12:45,1.26668,TRAILED_SL,2.10,0.05,LONDON_OPEN,NEUTRAL,True,,True,2,True,0.00
GBPUSD,BUY,FVG_CONTINUATION,1.26742,1.26743,1.27403,0.930,2025-02-27 13:20,2025-02-27 14:25,1.26743,TRAILED_SL,1.52,0.06,NY_OPEN,NEUTRAL,True,,True,1,True,0.00
GBPUSD,BUY,HH_HL_CONTINUATION,1.26815,1.26718,1.26979,0.950,2025-02-27 14:30,2025-02-27 14:50,1.26718,SL_HIT,-9.70,-1.00,NY_OPEN,NEUTRAL,True,,False,0,False,0.00
USDJPY,BUY,LIQUIDITY_SWEEP_REVERSAL,149.80700,149.81015,151.55015,0.850,2025-02-27 15:40,2025-02-27 18:40,149.81015,TRAILED_SL,3.31,0.05,LONDON_CLOSE,NEUTRAL,True,,True,2,True,0.00
USDJPY,BUY,CONTINUATION_OB,150.28600,150.28870,152.21765,0.980,2025-02-28 12:00,2025-02-28 12:50,150.28870,TRAILED_SL,2.84,0.04,NY_OPEN,BUY,True,,True,1,True,0.00
GBPUSD,BUY,CHOCH,1.25938,1.25939,1.27092,0.820,2025-02-28 12:00,2025-02-28 12:55,1.25939,TRAILED_SL,0.68,0.01,NY_OPEN,NEUTRAL,True,,True,2,True,0.00
USDJPY,BUY,CONTINUATION_OB,150.31700,150.64200,152.57365,1.000,2025-02-28 12:50,2025-02-28 15:55,150.64200,TRAILED_SL,21.45,41.25,NY_OPEN,BUY,True,,True,1,True,115.77
GBPUSD,BUY,CHOCH,1.25930,1.26008,1.27064,0.820,2025-02-28 12:55,2025-02-28 16:40,1.26008,TRAILED_SL,7.20,0.16,NY_OPEN,NEUTRAL,True,,True,5,True,0.00
USDJPY,BUY,CONTINUATION_OB,150.64800,150.65165,152.34829,0.980,2025-02-28 15:55,2025-02-28 16:25,150.65165,TRAILED_SL,3.83,0.07,LONDON_CLOSE,BUY,True,,True,1,True,0.00
USDJPY,BUY,CONTINUATION_OB,150.56500,150.63500,152.01629,0.990,2025-02-28 16:25,2025-02-28 17:40,150.63500,TRAILED_SL,7.00,0.14,LONDON_CLOSE,BUY,True,,False,2,False,0.00
GBPJPY,BUY,CONTINUATION_OB,191.70000,191.51200,193.48193,1.000,2025-03-05 13:00,2025-03-05 13:45,191.51200,SL_HIT,-18.80,-1.00,NY_OPEN,BUY,True,,False,0,False,0.00
GBPJPY,BUY,FVG_CONTINUATION,192.11400,191.97600,193.31160,1.000,2025-03-06 08:15,2025-03-06 08:30,191.97600,SL_HIT,-13.80,-1.00,LONDON_OPEN,NEUTRAL,True,,False,0,False,0.00
GBPJPY,SELL,LH_LL_CONTINUATION,189.89300,190.10500,188.40350,0.950,2025-03-10 13:30,2025-03-10 13:45,190.10500,SL_HIT,-21.20,-1.00,NY_OPEN,SELL,True,,False,0,False,0.00
GBPJPY,SELL,CONTINUATION_OB,191.37000,191.60000,189.29293,0.980,2025-03-13 09:30,2025-03-13 10:15,191.60000,SL_HIT,-23.00,-1.00,LONDON_OPEN,BUY,True,,False,0,False,0.00
GBPJPY,BUY,CONTINUATION_OB,191.69800,191.42200,193.71645,0.980,2025-03-13 15:30,2025-03-13 17:00,191.42200,SL_HIT,-27.60,-1.00,LONDON_CLOSE,BUY,True,,False,0,False,0.00
GBPJPY,BUY,CONTINUATION_OB,194.40100,194.24300,195.80992,1.000,2025-03-18 12:45,2025-03-18 13:15,194.24300,SL_HIT,-15.80,-1.00,NY_OPEN,BUY,True,,False,0,False,0.00
GBPJPY,BUY,HH_HL_CONTINUATION,193.63200,193.65700,194.12400,0.850,2025-03-19 09:45,2025-03-19 10:00,193.65700,TRAILED_SL,2.50,0.76,LONDON_OPEN,BUY,True,,False,1,True,4.22
GBPJPY,SELL,CONTINUATION_OB,192.46900,192.44400,190.07271,1.000,2025-03-21 17:00,2025-03-21 17:30,192.44400,TRAILED_SL,2.50,0.15,LONDON_CLOSE,SELL,True,,False,1,True,0.00
GBPJPY,SELL,LH_LL_CONTINUATION,193.92200,193.92608,193.56500,0.850,2025-03-24 09:00,2025-03-24 09:15,193.92608,SL_HIT,-0.41,-1.00,LONDON_OPEN,NEUTRAL,True,,False,0,False,0.00
GBPJPY,SELL,LH_LL_CONTINUATION,194.32800,194.37598,194.10900,0.850,2025-03-24 16:00,2025-03-24 16:15,194.37598,SL_HIT,-4.80,-1.00,LONDON_CLOSE,NEUTRAL,True,,False,0,False,0.00
GBPJPY,BUY,LIQUIDITY_GRAB_CONTINUATION,194.38600,194.10370,195.09175,0.870,2025-03-25 14:15,2025-03-25 15:15,194.10370,SL_HIT,-28.23,-1.00,NY_OPEN,BUY,True,,False,0,False,0.00
GBPJPY,BUY,CONTINUATION_OB,193.47100,193.41300,196.31745,0.980,2025-03-31 16:00,2025-03-31 16:15,193.41300,SL_HIT,-5.80,-1.00,LONDON_CLOSE,NEUTRAL,True,,False,0,False,0.00
GBPJPY,BUY,CONTINUATION_OB,193.07800,192.82400,195.71251,0.980,2025-04-03 13:00,2025-04-03 14:00,192.82400,SL_HIT,-25.40,-1.00,NY_OPEN,SELL,True,,False,0,False,0.00
GBPJPY,BUY,HH_HL_CONTINUATION,190.74900,190.67289,190.94700,0.750,2025-04-04 07:30,2025-04-04 07:45,190.67289,SL_HIT,-7.61,-1.00,LONDON_OPEN,SELL,True,,False,0,False,0.00
GBPJPY,SELL,CONTINUATION_OB,188.36400,188.33900,186.40717,0.980,2025-04-07 08:45,2025-04-07 10:45,187.97500,GIVEBACK_GUARD,20.70,1.02,LONDON_OPEN,SELL,True,,True,1,True,5.54
GBPJPY,SELL,CONTINUATION_OB,187.57300,187.84300,184.96260,1.000,2025-04-08 15:45,2025-04-08 16:15,187.84300,SL_HIT,-27.00,-1.00,LONDON_CLOSE,SELL,True,,False,0,False,0.00
GBPJPY,BUY,LIQUIDITY_SWEEP_REVERSAL,188.05300,187.76800,189.06009,1.000,2025-04-10 14:30,2025-04-10 15:15,187.76800,SL_HIT,-28.50,-1.00,NY_OPEN,NEUTRAL,True,,False,0,False,0.00
GBPJPY,BUY,HH_HL_CONTINUATION,188.53600,188.56100,190.02550,0.850,2025-04-14 12:45,2025-04-14 15:00,188.67200,GIVEBACK_GUARD,8.05,0.33,NY_OPEN,BUY,True,,True,1,True,1.48
GBPJPY,BUY,CONTINUATION_OB,188.96000,188.96590,191.42010,0.980,2025-04-15 07:00,2025-04-15 07:30,188.96590,TRAILED_SL,6.19,10.50,LONDON_OPEN,NEUTRAL,True,,True,0,True,3.22
GBPJPY,SELL,LH_LL_CONTINUATION,189.12700,189.24500,188.63350,0.900,2025-04-15 09:45,2025-04-15 10:00,189.24500,SL_HIT,-11.80,-1.00,LONDON_OPEN,NEUTRAL,True,,False,0,False,0.00
GBPJPY,SELL,CONTINUATION_OB,189.24300,189.23480,187.20574,1.000,2025-04-15 13:30,2025-04-15 14:15,189.23480,TRAILED_SL,8.61,10.50,NY_OPEN,NEUTRAL,True,,True,0,True,0.00
GBPJPY,SELL,CONTINUATION_OB,189.17700,189.15200,187.66018,1.000,2025-04-15 17:00,2025-04-15 17:15,189.15200,TRAILED_SL,2.50,0.12,LONDON_CLOSE,BUY,True,,False,1,True,0.00
GBPJPY,BUY,CHOCH,189.42800,189.25800,192.57823,0.920,2025-04-16 12:45,2025-04-16 13:15,189.25800,SL_HIT,-17.00,-1.00,NY_OPEN,BUY,True,,False,0,False,0.00
GBPJPY,SELL,CHOCH,188.80400,187.85500,185.72321,0.920,2025-04-16 16:45,2025-04-17 03:00,187.85500,TRAILED_SL,48.70,2.02,LONDON_CLOSE,BUY,True,,True,3,True,5.28
GBPJPY,BUY,HH_HL_CONTINUATION,188.64000,188.41641,189.97050,0.850,2025-04-17 13:15,2025-04-17 15:15,188.41641,SL_HIT,-22.36,-1.00,NY_OPEN,BUY,True,,False,0,False,0.00
GBPJPY,BUY,HH_HL_CONTINUATION,188.81600,188.75400,189.12050,0.850,2025-04-18 07:15,2025-04-18 07:30,188.75400,SL_HIT,-6.20,-1.00,LONDON_OPEN,BUY,True,,False,0,False,0.00
GBPJPY,SELL,LH_LL_CONTINUATION,187.72400,187.94100,187.00850,0.950,2025-04-22 08:45,2025-04-22 09:15,187.94100,SL_HIT,-21.70,-1.00,LONDON_OPEN,SELL,True,,False,0,False,0.00
GBPJPY,SELL,CONTINUATION_OB,188.01200,188.18100,186.58633,1.000,2025-04-22 16:15,2025-04-22 16:45,188.18100,SL_HIT,-16.90,-1.00,LONDON_CLOSE,NEUTRAL,True,,False,0,False,0.00
GBPJPY,SELL,LH_LL_CONTINUATION,188.83400,189.00400,188.30000,0.900,2025-04-23 12:30,2025-04-23 12:45,189.00400,SL_HIT,-17.00,-1.00,NY_OPEN,NEUTRAL,True,,False,0,False,0.00
GBPJPY,SELL,LH_LL_CONTINUATION,189.28900,189.37600,188.79850,0.750,2025-04-23 17:00,2025-04-23 17:15,189.37600,SL_HIT,-8.70,-1.00,LONDON_CLOSE,BUY,True,,False,0,False,0.00
GBPJPY,BUY,CHOCH,189.80200,189.60400,192.05090,1.000,2025-04-24 12:00,2025-04-24 12:45,189.60400,SL_HIT,-19.80,-1.00,NY_OPEN,BUY,True,,False,0,False,0.00
GBPJPY,BUY,HH_HL_CONTINUATION,190.97300,190.81000,191.71700,0.950,2025-04-25 09:45,2025-04-25 10:00,190.81000,SL_HIT,-16.30,-1.00,LONDON_OPEN,BUY,True,,False,0,False,0.00
GBPJPY,SELL,CHOCH,191.23900,191.39100,189.52630,0.920,2025-04-28 16:45,2025-04-28 17:30,191.39100,SL_HIT,-15.20,-1.00,LONDON_CLOSE,BUY,True,,False,0,False,0.00
GBPJPY,BUY,CONTINUATION_OB,191.12900,191.02800,193.04823,1.000,2025-05-07 12:15,2025-05-07 12:45,191.02800,SL_HIT,-10.10,-1.00,NY_OPEN,SELL,True,,False,0,False,0.00
GBPJPY,BUY,CONTINUATION_OB,191.31600,191.34100,193.79623,1.000,2025-05-07 14:00,2025-05-07 16:30,191.40900,GIVEBACK_GUARD,9.30,0.39,NY_OPEN,SELL,True,,True,2,True,1.22
GBPJPY,SELL,LH_LL_CONTINUATION,192.45800,192.59900,191.82050,0.850,2025-05-09 09:00,2025-05-09 10:30,192.59900,SL_HIT,-14.10,-1.00,LONDON_OPEN,BUY,True,,False,0,False,0.00
GBPJPY,SELL,LH_LL_CONTINUATION,192.61500,192.79300,192.22200,0.900,2025-05-09 12:00,2025-05-09 12:45,192.79300,SL_HIT,-17.80,-1.00,NY_OPEN,BUY,True,,False,0,False,0.00
GBPJPY,SELL,LIQUIDITY_GRAB_CONTINUATION,192.75400,192.74635,191.96431,0.970,2025-05-09 13:30,2025-05-09 15:00,192.72700,GIVEBACK_GUARD,9.00,11.76,NY_OPEN,BUY,True,,True,0,True,18.30
GBPJPY,BUY,CHOCH,193.93500,194.85000,195.71555,0.920,2025-05-12 08:15,2025-05-12 14:00,194.85000,TRAILED_SL,49.35,4.49,LONDON_OPEN,BUY,True,,True,4,True,13.25
GBPJPY,BUY,CHOCH,195.06100,194.94700,196.76984,1.000,2025-05-13 07:00,2025-05-13 07:45,194.94700,SL_HIT,-11.40,-1.00,LONDON_OPEN,BUY,True,,False,0,False,0.00
GBPJPY,BUY,LIQUIDITY_GRAB_CONTINUATION,193.27400,193.29900,193.90204,0.970,2025-05-16 15:45,2025-05-16 23:45,193.40300,GIVEBACK_GUARD,11.10,0.44,LONDON_CLOSE,SELL,True,,True,2,True,1.92
GBPJPY,SELL,CONTINUATION_OB,193.17000,193.16400,191.45487,1.000,2025-05-19 07:30,2025-05-19 09:00,193.16400,TRAILED_SL,6.30,10.50,LONDON_OPEN,SELL,True,,True,0,True,0.00
GBPJPY,BUY,CHOCH,193.20900,193.21595,194.94101,0.920,2025-05-20 13:45,2025-05-20 14:45,193.21595,TRAILED_SL,7.30,0.37,NY_OPEN,SELL,True,,True,1,True,0.00
GBPJPY,SELL,LIQUIDITY_GRAB_CONTINUATION,193.31600,193.31025,192.68256,0.870,2025-05-20 16:15,2025-05-20 18:30,193.31025,TRAILED_SL,6.04,0.24,LONDON_CLOSE,NEUTRAL,True,,True,1,True,0.00
GBPJPY,SELL,LH_LL_CONTINUATION,193.12500,193.10000,192.80700,0.850,2025-05-21 09:30,2025-05-21 13:15,192.80700,TP_HIT,17.15,0.97,LONDON_OPEN,SELL,True,,True,3,True,1.44
GBPJPY,SELL,LH_LL_CONTINUATION,193.07200,193.27277,192.43300,0.750,2025-05-21 16:15,2025-05-21 19:30,193.27277,SL_HIT,-20.08,-1.00,LONDON_CLOSE,NEUTRAL,True,,False,0,False,0.00
GBPJPY,SELL,LH_LL_CONTINUATION,192.46100,192.64252,192.09200,0.750,2025-05-22 13:45,2025-05-22 14:00,192.64252,SL_HIT,-18.15,-1.00,NY_OPEN,SELL,True,,False,0,False,0.00
GBPJPY,BUY,HH_HL_CONTINUATION,193.41800,193.42245,193.83200,0.850,2025-05-23 13:15,2025-05-23 14:15,193.42245,TRAILED_SL,4.67,10.50,NY_OPEN,SELL,True,,True,0,True,0.00
GBPJPY,BUY,CONTINUATION_OB,194.93900,194.96400,197.78527,1.000,2025-05-27 12:30,2025-05-27 16:15,195.08400,GIVEBACK_GUARD,8.50,0.37,NY_OPEN,BUY,True,,True,1,True,1.90
GBPJPY,SELL,LIQUIDITY_GRAB_CONTINUATION,193.70400,193.25015,193.19972,0.870,2025-06-02 09:30,2025-06-02 13:45,193.25015,TRAILED_SL,29.34,1.45,LONDON_OPEN,SELL,True,,True,3,True,2.41
GBPJPY,BUY,CONTINUATION_OB,193.30700,193.21400,194.68241,1.000,2025-06-03 08:00,2025-06-03 08:15,193.21400,SL_HIT,-9.30,-1.00,LONDON_OPEN,SELL,True,,False,0,False,0.00
GBPJPY,BUY,CONTINUATION_OB,194.37300,194.18700,196.75181,1.000,2025-06-05 13:00,2025-06-05 15:30,194.18700,SL_HIT,-18.60,-1.00,NY_OPEN,BUY,True,,False,0,False,0.00
GBPJPY,SELL,CHOCH,194.96100,195.13100,193.13950,0.920,2025-06-06 12:30,2025-06-06 12:45,195.13100,SL_HIT,-17.00,-1.00,NY_OPEN,BUY,True,,False,0,False,0.00
GBPJPY,BUY,HH_HL_CONTINUATION,195.68300,195.70800,196.08200,1.000,2025-06-09 08:00,2025-06-09 08:15,195.70800,TRAILED_SL,2.50,0.23,LONDON_OPEN,BUY,True,,False,1,True,0.00
GBPJPY,BUY,CONTINUATION_OB,196.17400,196.07400,198.24924,1.000,2025-06-10 07:00,2025-06-10 07:30,196.07400,SL_HIT,-10.00,-1.00,LONDON_OPEN,BUY,True,,False,0,False,0.00
GBPJPY,BUY,HH_HL_CONTINUATION,195.77500,195.80000,196.42750,0.950,2025-06-11 16:15,2025-06-11 16:30,195.80000,TRAILED_SL,2.50,0.11,LONDON_CLOSE,BUY,True,,False,1,True,0.00
GBPJPY,BUY,HH_HL_CONTINUATION,195.29900,195.13900,195.80900,0.850,2025-06-13 16:15,2025-06-13 16:30,195.13900,SL_HIT,-16.00,-1.00,LONDON_CLOSE,NEUTRAL,True,,False,0,False,0.00
GBPJPY,SELL,LH_LL_CONTINUATION,195.94200,195.96314,195.80250,0.750,2025-06-16 09:45,2025-06-16 10:00,195.96314,SL_HIT,-2.11,-1.00,LONDON_OPEN,NEUTRAL,True,,False,0,False,0.00
GBPJPY,SELL,LH_LL_CONTINUATION,195.13400,194.72090,194.67500,0.900,2025-06-18 09:15,2025-06-18 13:45,194.72090,TRAILED_SL,21.90,1.15,LONDON_OPEN,NEUTRAL,True,,True,2,True,2.56
GBPJPY,SELL,CONTINUATION_OB,194.82900,194.80400,192.71013,1.000,2025-06-18 15:45,2025-06-18 17:00,194.98400,GIVEBACK_GUARD,-1.45,-2.30,LONDON_CLOSE,NEUTRAL,True,,True,1,True,38.89
GBPJPY,SELL,LH_LL_CONTINUATION,194.49800,194.47300,193.88600,0.900,2025-06-19 07:45,2025-06-19 08:45,194.47300,TRAILED_SL,2.50,0.20,LONDON_OPEN,NEUTRAL,True,,False,1,True,0.00
GBPJPY,BUY,CONTINUATION_OB,195.37300,195.44700,197.70990,1.000,2025-06-19 16:45,2025-06-19 17:45,195.44700,TRAILED_SL,7.40,0.36,LONDON_CLOSE,SELL,True,,False,1,False,0.00
GBPJPY,BUY,HH_HL_CONTINUATION,195.84400,195.84910,196.37500,1.000,2025-06-20 10:00,2025-06-20 11:00,195.84910,TRAILED_SL,5.36,0.24,LONDON_OPEN,NEUTRAL,True,,True,1,True,0.00
GBPJPY,BUY,HH_HL_CONTINUATION,196.10500,196.58290,196.63600,0.950,2025-06-20 12:45,2025-06-20 16:15,196.58290,TRAILED_SL,32.44,37.95,NY_OPEN,NEUTRAL,True,,True,2,True,63.27
GBPJPY,BUY,HH_HL_CONTINUATION,197.44100,197.28700,197.73200,0.950,2025-06-24 13:45,2025-06-24 15:00,197.28700,SL_HIT,-15.40,-1.00,NY_OPEN,BUY,True,,False,0,False,0.00
GBPJPY,BUY,HH_HL_CONTINUATION,197.96600,197.99100,198.41750,0.850,2025-06-26 09:00,2025-06-26 09:15,197.99100,TRAILED_SL,2.50,0.29,LONDON_OPEN,BUY,True,,False,1,True,1.79
GBPJPY,BUY,HH_HL_CONTINUATION,197.94100,197.87845,198.39250,0.850,2025-06-26 12:00,2025-06-26 12:15,197.87845,SL_HIT,-6.25,-1.00,NY_OPEN,NEUTRAL,True,,False,0,False,0.00
GBPJPY,SELL,LH_LL_CONTINUATION,197.59100,197.58745,196.93400,0.850,2025-06-30 08:15,2025-06-30 09:00,197.58745,TRAILED_SL,3.73,10.50,LONDON_OPEN,NEUTRAL,True,,True,0,True,22.25
GBPJPY,BUY,HH_HL_CONTINUATION,197.75100,197.66000,198.21300,0.850,2025-06-30 15:30,2025-06-30 16:00,197.66000,SL_HIT,-9.10,-1.00,LONDON_CLOSE,NEUTRAL,True,,False,0,False,0.00
GBPJPY,SELL,CONTINUATION_OB,196.52200,196.76100,194.00520,1.000,2025-07-01 16:30,2025-07-01 17:00,196.76100,SL_HIT,-23.90,-1.00,LONDON_CLOSE,SELL,True,,False,0,False,0.00
GBPJPY,SELL,LIQUIDITY_GRAB_CONTINUATION,197.45200,197.48300,196.75066,0.970,2025-07-02 08:45,2025-07-02 10:30,197.48300,SL_HIT,-3.10,-0.11,LONDON_OPEN,SELL,True,,False,1,False,0.00
GBPJPY,SELL,CONTINUATION_OB,197.33100,197.41500,195.73519,1.000,2025-07-02 12:45,2025-07-02 13:15,197.41500,SL_HIT,-8.40,-0.40,NY_OPEN,SELL,True,,False,1,False,0.00
GBPJPY,BUY,CONTINUATION_OB,197.40400,197.41130,200.42973,1.000,2025-07-07 07:30,2025-07-07 09:30,197.37600,GIVEBACK_GUARD,5.90,8.08,LONDON_OPEN,NEUTRAL,True,,True,0,True,4.52
GBPJPY,SELL,LH_LL_CONTINUATION,198.97500,199.10300,198.66300,0.850,2025-07-08 08:30,2025-07-08 08:45,199.10300,SL_HIT,-12.80,-1.00,LONDON_OPEN,BUY,True,,False,0,False,0.00
GBPJPY,BUY,HH_HL_CONTINUATION,198.79500,198.82000,199.24350,0.750,2025-07-08 12:45,2025-07-08 16:15,198.91700,GIVEBACK_GUARD,17.85,15.19,NY_OPEN,BUY,True,,True,1,True,26.56
GBPJPY,BUY,HH_HL_CONTINUATION,199.68000,199.68320,199.87950,0.950,2025-07-09 09:30,2025-07-09 10:00,199.68320,TRAILED_SL,3.36,10.50,LONDON_OPEN,BUY,True,,True,0,True,0.00
GBPJPY,BUY,LIQUIDITY_GRAB_CONTINUATION,199.36500,199.07972,200.07820,0.970,2025-07-09 12:15,2025-07-09 16:30,199.07972,SL_HIT,-28.53,-1.00,NY_OPEN,BUY,True,,False,0,False,0.00
GBPJPY,SELL,LIQUIDITY_SWEEP_REVERSAL,198.91200,199.18700,197.80161,0.950,2025-07-10 09:45,2025-07-10 10:30,199.18700,SL_HIT,-27.50,-1.00,LONDON_OPEN,BUY,True,,False,0,False,0.00
GBPJPY,BUY,HH_HL_CONTINUATION,198.65600,198.61198,198.74150,0.850,2025-07-10 14:15,2025-07-10 14:30,198.61198,SL_HIT,-4.40,-1.00,NY_OPEN,BUY,True,,False,0,False,0.00
GBPJPY,BUY,CONTINUATION_OB,198.50000,198.50710,200.87962,0.980,2025-07-14 12:30,2025-07-14 13:45,198.50710,TRAILED_SL,7.46,10.50,NY_OPEN,SELL,True,,True,0,True,5.92
GBPJPY,BUY,CONTINUATION_OB,198.64900,198.49400,201.47562,1.000,2025-07-14 14:00,2025-07-14 15:30,198.49400,SL_HIT,-15.50,-1.00,NY_OPEN,SELL,True,,False,0,False,0.00
GBPJPY,BUY,HH_HL_CONTINUATION,198.57900,199.07175,199.12650,0.950,2025-07-15 12:15,2025-07-15 16:15,199.07175,TRAILED_SL,25.89,2.42,NY_OPEN,NEUTRAL,True,,True,2,True,5.90
GBPJPY,BUY,HH_HL_CONTINUATION,199.18700,199.19250,199.59800,0.850,2025-07-17 14:15,2025-07-17 16:00,199.04600,GIVEBACK_GUARD,-1.55,-2.82,NY_OPEN,BUY,True,,True,0,True,30.91
GBPJPY,BUY,HH_HL_CONTINUATION,199.05100,199.07600,199.29700,0.900,2025-07-17 16:15,2025-07-17 17:00,199.07600,TRAILED_SL,2.50,0.22,LONDON_CLOSE,BUY,True,,False,1,True,0.00
GBPJPY,SELL,CONTINUATION_OB,198.95500,198.91800,196.94664,0.980,2025-07-21 13:00,2025-07-21 16:30,198.91800,TRAILED_SL,8.75,12.68,NY_OPEN,NEUTRAL,True,,True,1,True,47.10
GBPJPY,SELL,FVG_CONTINUATION,198.69300,198.95900,195.78572,0.930,2025-07-21 16:45,2025-07-21 18:00,198.95900,SL_HIT,-26.60,-1.00,LONDON_CLOSE,NEUTRAL,True,,False,0,False,0.00
GBPJPY,BUY,HH_HL_CONTINUATION,198.93600,198.96100,199.35150,0.850,2025-07-22 07:15,2025-07-22 08:15,198.96100,TRAILED_SL,2.50,0.30,LONDON_OPEN,NEUTRAL,True,,False,1,True,0.00
GBPJPY,BUY,HH_HL_CONTINUATION,199.11900,199.14400,199.53450,0.850,2025-07-22 09:15,2025-07-22 10:00,199.14400,TRAILED_SL,2.50,0.20,LONDON_OPEN,NEUTRAL,True,,False,1,True,0.00
GBPJPY,SELL,LIQUIDITY_GRAB_CONTINUATION,198.98200,198.95700,198.37193,0.970,2025-07-23 08:30,2025-07-23 11:15,198.83500,GIVEBACK_GUARD,8.60,0.35,LONDON_OPEN,SELL,True,,True,1,True,1.59
GBPJPY,BUY,HH_HL_CONTINUATION,198.65300,198.54600,199.01750,0.900,2025-07-25 07:00,2025-07-25 07:45,198.54600,SL_HIT,-10.70,-1.00,LONDON_OPEN,NEUTRAL,True,,False,0,False,0.00
GBPJPY,BUY,HH_HL_CONTINUATION,198.56100,198.43800,198.92550,0.900,2025-07-25 08:30,2025-07-25 08:45,198.43800,SL_HIT,-12.30,-1.00,LONDON_OPEN,NEUTRAL,True,,False,0,False,0.00
GBPJPY,SELL,LIQUIDITY_GRAB_CONTINUATION,198.87900,198.41900,197.89632,1.000,2025-07-25 12:00,2025-07-28 01:00,198.41900,TRAILED_SL,24.25,0.92,NY_OPEN,NEUTRAL,True,,True,5,True,2.51
GBPJPY,BUY,CONTINUATION_OB,199.05400,199.06105,201.92796,0.980,2025-07-28 12:00,2025-07-28 14:15,199.06105,TRAILED_SL,7.40,0.46,NY_OPEN,BUY,True,,True,1,True,0.00
GBPJPY,BUY,HH_HL_CONTINUATION,198.94100,198.77500,199.58150,0.850,2025-07-28 15:45,2025-07-28 16:00,198.77500,SL_HIT,-16.60,-1.00,LONDON_CLOSE,BUY,True,,False,0,False,0.00
GBPJPY,BUY,HH_HL_CONTINUATION,198.03400,198.05900,198.50500,0.850,2025-07-30 14:15,2025-07-30 14:30,198.05900,TRAILED_SL,2.50,0.22,NY_OPEN,NEUTRAL,True,,False,1,True,0.00
GBPJPY,BUY,LIQUIDITY_GRAB_CONTINUATION,197.95900,197.79200,198.69615,1.000,2025-07-30 17:00,2025-07-30 17:45,197.79200,SL_HIT,-16.70,-1.00,LONDON_CLOSE,SELL,True,,False,0,False,0.00
GBPJPY,SELL,CONTINUATION_OB,197.39000,197.61000,194.95817,1.000,2025-07-31 08:30,2025-07-31 09:30,197.61000,SL_HIT,-22.00,-1.00,LONDON_OPEN,SELL,True,,False,0,False,0.00
GBPJPY,BUY,CONTINUATION_OB,196.11000,196.11490,198.66390,1.000,2025-08-04 07:30,2025-08-04 09:15,196.15300,GIVEBACK_GUARD,7.05,14.39,LONDON_OPEN,SELL,True,,True,0,True,26.12
GBPJPY,SELL,LH_LL_CONTINUATION,196.99000,197.14700,196.10800,1.000,2025-08-07 13:15,2025-08-07 14:00,197.14700,SL_HIT,-15.70,-1.00,NY_OPEN,BUY,True,,False,0,False,0.00
GBPJPY,BUY,CONTINUATION_OB,197.74100,197.66900,199.89750,1.000,2025-08-08 07:30,2025-08-08 08:15,197.66900,SL_HIT,-7.20,-1.00,LONDON_OPEN,BUY,True,,False,0,False,0.00
GBPJPY,BUY,HH_HL_CONTINUATION,198.65800,198.51100,199.41700,0.950,2025-08-08 14:45,2025-08-08 15:00,198.51100,SL_HIT,-14.70,-1.00,NY_OPEN,BUY,True,,False,0,False,0.00
GBPJPY,BUY,HH_HL_CONTINUATION,198.77200,198.68500,199.04350,0.950,2025-08-11 09:45,2025-08-11 10:00,198.68500,SL_HIT,-8.70,-1.00,LONDON_OPEN,BUY,True,,False,0,False,0.00
GBPJPY,BUY,CONTINUATION_OB,199.80300,199.71400,202.34014,1.000,2025-08-12 13:30,2025-08-12 14:15,199.71400,SL_HIT,-8.90,-1.00,NY_OPEN,BUY,True,,False,0,False,0.00
GBPJPY,SELL,LH_LL_CONTINUATION,199.28200,199.40700,198.84400,0.850,2025-08-15 14:30,2025-08-15 15:30,199.40700,SL_HIT,-12.50,-1.00,NY_OPEN,NEUTRAL,True,,False,0,False,0.00
GBPJPY,BUY,LIQUIDITY_GRAB_CONTINUATION,199.63700,199.36344,200.32091,0.970,2025-08-19 15:45,2025-08-19 18:00,199.36344,SL_HIT,-27.36,-1.00,LONDON_CLOSE,BUY,True,,False,0,False,0.00
GBPJPY,BUY,HH_HL_CONTINUATION,198.79800,198.62900,199.41600,0.950,2025-08-20 15:15,2025-08-20 15:45,198.62900,SL_HIT,-16.90,-1.00,LONDON_CLOSE,NEUTRAL,True,,False,0,False,0.00
GBPJPY,BUY,HH_HL_CONTINUATION,198.31800,198.32146,198.93600,0.850,2025-08-20 16:45,2025-08-20 17:15,198.32146,TRAILED_SL,3.64,10.50,LONDON_CLOSE,NEUTRAL,True,,True,0,True,0.00
GBPJPY,SELL,LH_LL_CONTINUATION,199.33000,199.44900,198.97750,1.000,2025-08-22 12:00,2025-08-22 12:15,199.44900,SL_HIT,-11.90,-1.00,NY_OPEN,NEUTRAL,True,,False,0,False,0.00
GBPJPY,SELL,CHOCH,198.71800,198.71210,196.70988,0.920,2025-08-28 07:45,2025-08-28 08:45,198.71210,TRAILED_SL,6.20,10.50,LONDON_OPEN,NEUTRAL,True,,True,0,True,7.63
GBPJPY,BUY,CHOCH,198.19100,198.00900,199.81070,0.920,2025-08-29 15:30,2025-08-29 17:15,198.00900,SL_HIT,-18.20,-0.91,LONDON_CLOSE,NEUTRAL,True,,False,1,False,0.00
GBPJPY,SELL,LH_LL_CONTINUATION,198.75600,198.73100,198.31650,0.850,2025-09-01 08:30,2025-09-01 08:45,198.73100,TRAILED_SL,2.50,0.53,LONDON_OPEN,NEUTRAL,True,,False,1,True,1.36
GBPJPY,BUY,HH_HL_CONTINUATION,198.94500,198.97000,199.40850,0.850,2025-09-01 12:30,2025-09-01 12:45,198.97000,TRAILED_SL,2.50,0.32,NY_OPEN,NEUTRAL,True,,False,1,True,0.00
GBPJPY,BUY,HH_HL_CONTINUATION,199.84100,199.84710,200.43350,0.850,2025-09-02 07:00,2025-09-02 07:30,199.84710,TRAILED_SL,6.41,10.50,LONDON_OPEN,NEUTRAL,True,,True,0,True,10.98
GBPJPY,BUY,HH_HL_CONTINUATION,199.98800,200.01300,200.26400,0.850,2025-09-02 08:45,2025-09-02 09:00,200.01300,TRAILED_SL,2.50,0.20,LONDON_OPEN,NEUTRAL,True,,False,1,True,1.23
GBPJPY,SELL,LH_LL_CONTINUATION,199.00300,198.97800,197.74600,0.850,2025-09-02 12:30,2025-09-02 13:45,198.97800,TRAILED_SL,2.50,0.20,NY_OPEN,NEUTRAL,True,,False,1,True,1.56
GBPJPY,SELL,LH_LL_CONTINUATION,198.61400,198.73000,198.35450,0.850,2025-09-02 16:00,2025-09-02 16:45,198.73000,SL_HIT,-11.60,-1.00,LONDON_CLOSE,NEUTRAL,True,,False,0,False,0.00
GBPJPY,BUY,CONTINUATION_OB,199.23600,199.26100,202.18590,1.000,2025-09-03 13:15,2025-09-03 16:45,199.37900,GIVEBACK_GUARD,8.40,0.61,NY_OPEN,BUY,True,,True,1,True,3.04
GBPJPY,BUY,HH_HL_CONTINUATION,199.97300,199.81800,200.38550,0.900,2025-09-08 07:15,2025-09-08 09:45,199.81800,SL_HIT,-15.50,-1.00,LONDON_OPEN,BUY,True,,False,0,False,0.00
GBPJPY,BUY,CHOCH,200.38200,200.40700,202.17482,1.000,2025-09-16 12:30,2025-09-16 12:45,200.40700,TRAILED_SL,2.50,0.30,NY_OPEN,BUY,True,,False,1,True,0.00
GBPJPY,BUY,LIQUIDITY_GRAB_CONTINUATION,199.62100,199.43000,200.52215,0.970,2025-09-19 15:30,2025-09-19 16:30,199.43000,SL_HIT,-19.10,-1.00,LONDON_CLOSE,SELL,True,,False,0,False,0.00
GBPJPY,BUY,LIQUIDITY_GRAB_CONTINUATION,199.52300,199.53150,200.13419,0.870,2025-09-22 09:45,2025-09-22 11:30,199.53150,TRAILED_SL,8.92,0.37,LONDON_OPEN,NEUTRAL,True,,True,1,True,0.00
GBPJPY,SELL,LH_LL_CONTINUATION,199.50500,199.59600,199.25150,0.850,2025-09-22 12:00,2025-09-22 12:30,199.59600,SL_HIT,-9.10,-1.00,NY_OPEN,NEUTRAL,True,,False,0,False,0.00
GBPJPY,SELL,LIQUIDITY_GRAB_CONTINUATION,199.70800,199.70485,199.02855,0.870,2025-09-22 15:45,2025-09-22 19:15,199.70485,TRAILED_SL,3.31,0.12,LONDON_CLOSE,NEUTRAL,True,,True,1,True,0.00
GBPJPY,SELL,LIQUIDITY_GRAB_CONTINUATION,199.67500,199.65000,199.09323,1.000,2025-09-23 07:00,2025-09-23 07:15,199.65000,TRAILED_SL,2.50,0.40,LONDON_OPEN,SELL,True,,False,1,True,1.24
GBPJPY,BUY,CHOCH,199.78500,199.79155,202.38072,0.920,2025-09-23 15:15,2025-09-23 16:15,199.79155,TRAILED_SL,6.88,10.50,LONDON_CLOSE,SELL,True,,True,0,True,5.04
GBPJPY,BUY,LIQUIDITY_GRAB_CONTINUATION,198.76800,198.77920,199.74944,0.970,2025-09-30 16:30,2025-09-30 18:00,198.77920,TRAILED_SL,11.76,10.50,LONDON_CLOSE,NEUTRAL,True,,True,0,True,13.21
GBPJPY,BUY,HH_HL_CONTINUATION,198.91100,198.78500,199.39250,0.850,2025-10-01 07:00,2025-10-01 07:30,198.78500,SL_HIT,-12.60,-1.00,LONDON_OPEN,SELL,True,,False,0,False,0.00
GBPJPY,BUY,CHOCH,198.41500,198.28100,200.65707,0.920,2025-10-01 17:00,2025-10-01 17:30,198.28100,SL_HIT,-13.40,-1.00,LONDON_CLOSE,SELL,True,,False,0,False,0.00
GBPJPY,SELL,CHOCH,197.63500,197.73400,194.18942,1.000,2025-10-02 14:15,2025-10-02 14:30,197.73400,SL_HIT,-9.90,-1.00,NY_OPEN,SELL,True,,False,0,False,0.00
GBPJPY,SELL,LH_LL_CONTINUATION,202.57500,202.55000,202.32150,0.850,2025-10-07 12:15,2025-10-07 13:45,202.55000,TRAILED_SL,2.50,0.21,NY_OPEN,BUY,True,,False,1,True,1.25
GBPJPY,BUY,HH_HL_CONTINUATION,204.07000,203.90100,204.86950,1.000,2025-10-08 07:45,2025-10-08 08:30,203.90100,SL_HIT,-16.90,-1.00,LONDON_OPEN,BUY,True,,False,0,False,0.00
GBPJPY,BUY,CONTINUATION_OB,204.66500,204.69000,206.51275,1.000,2025-10-08 16:00,2025-10-08 17:45,204.68600,GIVEBACK_GUARD,10.35,11.13,LONDON_CLOSE,BUY,True,,True,1,True,38.82
GBPJPY,BUY,HH_HL_CONTINUATION,202.88100,202.77100,203.08350,0.950,2025-10-13 07:15,2025-10-13 08:15,202.77100,SL_HIT,-11.00,-1.00,LONDON_OPEN,SELL,True,,False,0,False,0.00
GBPJPY,BUY,HH_HL_CONTINUATION,203.02400,202.87900,203.47550,0.850,2025-10-13 12:30,2025-10-13 13:15,202.87900,SL_HIT,-14.50,-1.00,NY_OPEN,SELL,True,,False,0,False,0.00
GBPJPY,BUY,LIQUIDITY_SWEEP_REVERSAL,201.63100,201.65600,202.69701,0.950,2025-10-14 15:45,2025-10-14 16:00,201.65600,TRAILED_SL,2.50,0.10,LONDON_CLOSE,SELL,True,,False,1,True,0.00
GBPJPY,SELL,CHOCH,202.30600,202.40500,199.28797,1.000,2025-10-20 08:15,2025-10-20 08:45,202.40500,SL_HIT,-9.90,-1.00,LONDON_OPEN,NEUTRAL,True,,False,0,False,0.00
GBPJPY,SELL,LIQUIDITY_GRAB_CONTINUATION,202.33400,202.30900,201.39273,1.000,2025-10-20 13:00,2025-10-20 15:45,202.30900,TRAILED_SL,2.50,0.10,NY_OPEN,NEUTRAL,True,,True,1,True,0.00
GBPJPY,BUY,HH_HL_CONTINUATION,202.78000,202.75568,202.91800,0.750,2025-10-21 16:45,2025-10-21 17:00,202.75568,SL_HIT,-2.43,-1.00,LONDON_CLOSE,NEUTRAL,True,,False,0,False,0.00
GBPJPY,BUY,LIQUIDITY_GRAB_CONTINUATION,202.70700,202.42138,203.42106,0.970,2025-10-22 09:00,2025-10-22 09:30,202.42138,SL_HIT,-28.56,-1.00,LONDON_OPEN,BUY,True,,False,0,False,0.00
GBPJPY,BUY,CHOCH,202.42800,202.45300,204.72008,1.000,2025-10-22 15:45,2025-10-22 16:15,202.45300,TRAILED_SL,2.50,0.10,LONDON_CLOSE,BUY,True,,False,1,True,0.00
GBPJPY,SELL,LH_LL_CONTINUATION,203.76300,203.72385,203.71950,0.750,2025-10-23 09:45,2025-10-23 10:00,203.72385,TRAILED_SL,3.92,2.21,LONDON_OPEN,BUY,True,,False,1,False,3.49
GBPJPY,SELL,CHOCH,203.48900,203.46400,201.72006,0.920,2025-10-23 16:45,2025-10-23 18:15,203.46400,TRAILED_SL,2.50,0.12,LONDON_CLOSE,BUY,True,,True,1,True,0.00
GBPJPY,BUY,HH_HL_CONTINUATION,203.65900,203.66180,204.10900,0.950,2025-10-24 07:30,2025-10-24 08:30,203.62600,GIVEBACK_GUARD,1.15,4.11,LONDON_OPEN,BUY,True,,True,0,True,21.79
GBPJPY,BUY,LIQUIDITY_GRAB_CONTINUATION,203.66900,203.69400,204.46289,1.000,2025-10-27 09:15,2025-10-27 13:15,203.74600,GIVEBACK_GUARD,5.10,0.28,LONDON_OPEN,BUY,True,,True,1,True,1.34
GBPJPY,BUY,LIQUIDITY_GRAB_CONTINUATION,201.27200,201.04100,202.17728,1.000,2025-10-29 09:00,2025-10-29 09:15,201.04100,SL_HIT,-23.10,-1.00,LONDON_OPEN,NEUTRAL,True,,False,0,False,0.00
GBPJPY,BUY,CONTINUATION_OB,202.89500,202.92000,205.57943,1.000,2025-10-30 13:00,2025-10-30 14:15,202.97200,GIVEBACK_GUARD,5.10,0.47,NY_OPEN,NEUTRAL,True,,True,1,True,1.84
GBPJPY,SELL,CHOCH,202.14000,202.13365,199.18291,1.000,2025-10-31 14:00,2025-10-31 15:00,202.13365,TRAILED_SL,6.67,0.29,NY_OPEN,SELL,True,,True,1,True,0.00
GBPJPY,SELL,LIQUIDITY_GRAB_CONTINUATION,202.62800,202.52400,202.09891,0.870,2025-11-03 08:00,2025-11-03 13:00,202.51000,GIVEBACK_GUARD,16.48,15.58,LONDON_OPEN,NEUTRAL,True,,True,1,True,39.79
GBPJPY,BUY,HH_HL_CONTINUATION,203.17000,203.03000,204.07150,0.950,2025-11-10 14:30,2025-11-10 15:30,203.03000,SL_HIT,-14.00,-1.00,NY_OPEN,BUY,True,,False,0,False,0.00
GBPJPY,BUY,HH_HL_CONTINUATION,202.83000,202.72400,203.10450,0.950,2025-11-11 14:30,2025-11-11 14:45,202.72400,SL_HIT,-10.60,-1.00,NY_OPEN,BUY,True,,False,0,False,0.00
GBPJPY,BUY,CONTINUATION_OB,204.78500,204.64600,207.24724,1.000,2025-11-21 13:30,2025-11-21 13:45,204.64600,SL_HIT,-13.90,-1.00,NY_OPEN,BUY,True,,False,0,False,0.00
GBPJPY,BUY,CONTINUATION_OB,205.61500,205.41900,208.25288,1.000,2025-11-24 16:45,2025-11-24 17:30,205.41900,SL_HIT,-19.60,-1.00,LONDON_CLOSE,BUY,True,,False,0,False,0.00
GBPJPY,BUY,HH_HL_CONTINUATION,205.99100,206.01600,206.31650,0.950,2025-12-02 15:45,2025-12-02 16:00,206.01600,TRAILED_SL,2.50,0.25,LONDON_CLOSE,SELL,True,,False,1,True,1.39
GBPJPY,BUY,CONTINUATION_OB,206.61000,206.51400,209.41253,0.980,2025-12-03 13:15,2025-12-03 13:45,206.51400,SL_HIT,-9.60,-1.00,NY_OPEN,NEUTRAL,True,,False,0,False,0.00
GBPJPY,SELL,LH_LL_CONTINUATION,206.46000,206.61600,206.14650,0.850,2025-12-04 13:45,2025-12-04 15:30,206.61600,SL_HIT,-15.60,-1.00,NY_OPEN,BUY,True,,False,0,False,0.00
GBPJPY,BUY,CONTINUATION_OB,208.17600,208.20100,210.23044,0.980,2025-12-09 13:45,2025-12-09 15:30,208.20100,TRAILED_SL,2.50,0.16,NY_OPEN,BUY,True,,True,1,True,0.00
GBPJPY,SELL,CHOCH,208.24800,208.44700,206.00686,0.920,2025-12-12 09:30,2025-12-12 10:15,208.44700,SL_HIT,-19.90,-1.00,LONDON_OPEN,BUY,True,,False,0,False,0.00
GBPJPY,SELL,LIQUIDITY_GRAB_CONTINUATION,207.61500,207.87467,206.96583,0.920,2025-12-16 12:00,2025-12-16 12:30,207.87467,SL_HIT,-25.97,-1.00,NY_OPEN,NEUTRAL,True,,False,0,False,0.00
GBPJPY,SELL,LIQUIDITY_SWEEP_REVERSAL,207.74400,207.71900,206.60152,1.000,2025-12-16 16:30,2025-12-16 17:45,207.60600,GIVEBACK_GUARD,8.15,0.29,LONDON_CLOSE,NEUTRAL,True,,True,1,True,1.67
GBPJPY,SELL,LIQUIDITY_GRAB_CONTINUATION,207.81900,207.79400,206.86151,1.000,2025-12-17 08:45,2025-12-17 09:00,207.79400,TRAILED_SL,2.50,0.12,LONDON_OPEN,SELL,True,,False,1,True,1.63
GBPJPY,SELL,LH_LL_CONTINUATION,208.05100,208.13700,207.86500,0.850,2025-12-18 13:30,2025-12-18 14:00,208.13700,SL_HIT,-8.60,-1.00,NY_OPEN,BUY,True,,False,0,False,0.00
GBPJPY,SELL,CONTINUATION_OB,210.72900,210.87800,207.90451,1.000,2025-12-26 09:00,2025-12-26 09:30,210.87800,SL_HIT,-14.90,-1.00,LONDON_OPEN,NEUTRAL,True,,False,0,False,0.00
GBPJPY,BUY,HH_HL_CONTINUATION,210.99900,211.02400,211.25550,0.850,2025-12-26 12:15,2025-12-26 15:00,211.02400,TRAILED_SL,2.50,0.31,NY_OPEN,NEUTRAL,True,,True,1,True,1.93
GBPJPY,SELL,CONTINUATION_OB,210.45900,210.56500,208.31248,0.980,2025-12-31 12:15,2025-12-31 13:00,210.56500,SL_HIT,-10.60,-1.00,NY_OPEN,SELL,True,,False,0,False,0.00
GBPJPY,SELL,CONTINUATION_OB,210.67500,210.83100,209.17648,1.000,2025-12-31 14:00,2025-12-31 14:30,210.83100,SL_HIT,-15.60,-1.00,NY_OPEN,SELL,True,,False,0,False,0.00
GBPJPY,SELL,LIQUIDITY_GRAB_CONTINUATION,211.16400,211.41921,210.52598,0.970,2026-01-02 15:45,2026-01-02 17:45,211.41921,SL_HIT,-25.52,-1.00,LONDON_CLOSE,NEUTRAL,True,,False,0,False,0.00
GBPJPY,BUY,LIQUIDITY_GRAB_CONTINUATION,211.09000,211.09840,211.86248,1.000,2026-01-07 15:15,2026-01-07 17:15,211.09840,TRAILED_SL,8.82,10.50,LONDON_CLOSE,NEUTRAL,True,,True,0,True,15.24
GBPJPY,SELL,LH_LL_CONTINUATION,210.75900,210.75185,210.36300,0.900,2026-01-08 13:45,2026-01-08 16:00,210.75185,TRAILED_SL,7.51,10.50,NY_OPEN,SELL,True,,True,0,True,20.56
GBPJPY,BUY,HH_HL_CONTINUATION,211.39200,211.60530,211.62900,0.850,2026-01-09 12:45,2026-01-09 15:30,211.60530,TRAILED_SL,16.46,28.39,NY_OPEN,NEUTRAL,True,,True,1,True,41.72
GBPJPY,BUY,CONTINUATION_OB,213.91100,213.91700,216.80823,1.000,2026-01-13 07:00,2026-01-13 08:45,213.87200,GIVEBACK_GUARD,4.05,6.75,LONDON_OPEN,BUY,True,,True,0,True,28.33
GBPJPY,SELL,CHOCH,213.91200,213.31900,212.33643,0.920,2026-01-14 09:45,2026-01-14 16:00,213.31900,TRAILED_SL,37.40,48.26,LONDON_OPEN,BUY,True,,True,3,True,115.10
GBPJPY,BUY,HH_HL_CONTINUATION,212.67900,212.68440,213.20250,0.850,2026-01-15 12:30,2026-01-15 14:15,212.68440,TRAILED_SL,5.67,0.21,NY_OPEN,NEUTRAL,True,,True,1,True,0.00
GBPJPY,SELL,CONTINUATION_OB,211.85600,211.96600,209.54178,1.000,2026-01-16 07:00,2026-01-16 08:00,211.96600,SL_HIT,-11.00,-1.00,LONDON_OPEN,SELL,True,,False,0,False,0.00
GBPJPY,SELL,LIQUIDITY_GRAB_CONTINUATION,211.95200,211.92700,211.24695,0.870,2026-01-16 12:00,2026-01-16 15:00,211.92700,TRAILED_SL,2.50,0.09,NY_OPEN,SELL,True,,False,1,True,0.00
GBPJPY,SELL,CONTINUATION_OB,212.73300,212.70800,209.20511,1.000,2026-01-20 12:45,2026-01-20 16:30,212.58500,GIVEBACK_GUARD,8.65,0.46,NY_OPEN,SELL,True,,True,1,True,2.67
GBPJPY,SELL,LH_LL_CONTINUATION,212.22000,212.38592,211.90350,0.750,2026-01-21 15:45,2026-01-21 16:30,212.38592,SL_HIT,-16.59,-1.00,LONDON_CLOSE,BUY,True,,False,0,False,0.00
GBPJPY,SELL,CHOCH,212.83200,213.06000,210.25732,0.920,2026-01-22 13:45,2026-01-22 14:30,213.06000,SL_HIT,-22.80,-1.00,NY_OPEN,BUY,True,,False,0,False,0.00
GBPJPY,SELL,LH_LL_CONTINUATION,210.56900,210.72200,210.19850,0.900,2026-01-28 16:15,2026-01-28 16:30,210.72200,SL_HIT,-15.30,-1.00,LONDON_CLOSE,SELL,True,,False,0,False,0.00
GBPJPY,BUY,HH_HL_CONTINUATION,211.62900,211.46900,212.11200,0.900,2026-01-29 12:15,2026-01-29 12:45,211.46900,SL_HIT,-16.00,-1.00,NY_OPEN,BUY,True,,False,0,False,0.00
GBPJPY,BUY,HH_HL_CONTINUATION,214.88900,214.80500,215.10500,0.950,2026-02-04 15:15,2026-02-04 15:30,214.80500,SL_HIT,-8.40,-1.00,LONDON_CLOSE,NEUTRAL,True,,False,0,False,0.00
GBPJPY,BUY,CONTINUATION_OB,213.69200,213.70165,215.51607,1.000,2026-02-05 12:30,2026-02-05 13:30,213.70165,TRAILED_SL,10.13,10.50,NY_OPEN,NEUTRAL,True,,True,0,True,0.00
GBPJPY,BUY,CONTINUATION_OB,213.09100,213.11600,215.61206,1.000,2026-02-06 12:45,2026-02-06 13:00,213.11600,TRAILED_SL,2.50,0.19,NY_OPEN,NEUTRAL,True,,False,1,True,1.72
GBPJPY,SELL,LH_LL_CONTINUATION,209.76700,209.90600,208.55650,0.900,2026-02-11 12:15,2026-02-11 12:30,209.90600,SL_HIT,-13.90,-1.00,NY_OPEN,SELL,True,,False,0,False,0.00
GBPJPY,SELL,LH_LL_CONTINUATION,208.59500,208.70700,207.52100,0.900,2026-02-12 09:30,2026-02-12 09:45,208.70700,SL_HIT,-11.20,-1.00,LONDON_OPEN,SELL,True,,False,0,False,0.00
GBPJPY,BUY,HH_HL_CONTINUATION,209.24400,209.11000,210.25350,0.900,2026-02-16 14:45,2026-02-16 15:15,209.11000,SL_HIT,-13.40,-1.00,NY_OPEN,SELL,True,,False,0,False,0.00
GBPJPY,BUY,HH_HL_CONTINUATION,209.10400,209.11210,210.11350,0.850,2026-02-16 16:45,2026-02-16 18:15,209.11210,TRAILED_SL,8.51,10.50,LONDON_CLOSE,SELL,True,,True,0,True,11.73
GBPJPY,BUY,HH_HL_CONTINUATION,207.27100,207.28185,207.72250,0.850,2026-02-17 15:00,2026-02-17 16:00,207.28185,TRAILED_SL,11.39,10.50,NY_OPEN,SELL,True,,True,0,True,14.20
GBPJPY,SELL,LIQUIDITY_GRAB_CONTINUATION,208.31400,208.55635,207.70813,0.870,2026-02-18 09:30,2026-02-18 10:45,208.55635,SL_HIT,-24.23,-1.00,LONDON_OPEN,NEUTRAL,True,,False,0,False,0.00
GBPJPY,SELL,LH_LL_CONTINUATION,208.65200,208.62700,208.55900,0.750,2026-02-18 12:45,2026-02-18 13:00,208.62700,TRAILED_SL,2.50,5.58,NY_OPEN,NEUTRAL,True,,False,1,True,16.07
GBPJPY,SELL,LH_LL_CONTINUATION,208.67400,208.75800,208.41450,0.850,2026-02-20 08:30,2026-02-20 08:45,208.75800,SL_HIT,-8.40,-1.00,LONDON_OPEN,BUY,True,,False,0,False,0.00
GBPJPY,SELL,LIQUIDITY_GRAB_CONTINUATION,210.47200,210.74954,209.77815,0.970,2026-02-24 16:00,2026-02-24 17:15,210.74954,SL_HIT,-27.75,-1.00,LONDON_CLOSE,BUY,True,,False,0,False,0.00
GBPJPY,BUY,HH_HL_CONTINUATION,211.82800,211.61600,213.33850,0.850,2026-02-25 14:30,2026-02-25 16:00,211.61600,SL_HIT,-21.20,-1.00,NY_OPEN,NEUTRAL,True,,False,0,False,0.00
GBPJPY,BUY,CHOCH,211.56400,211.39500,213.59736,1.000,2026-02-26 09:00,2026-02-26 09:45,211.39500,SL_HIT,-16.90,-1.00,LONDON_OPEN,BUY,True,,False,0,False,0.00
GBPJPY,BUY,CONTINUATION_OB,210.10500,209.95800,211.92850,1.000,2026-02-27 13:15,2026-02-27 13:45,209.95800,SL_HIT,-14.70,-1.00,NY_OPEN,NEUTRAL,True,,False,0,False,0.00
GBPJPY,BUY,LIQUIDITY_GRAB_CONTINUATION,210.00500,210.07600,211.06198,1.000,2026-02-27 15:30,2026-03-02 00:00,209.45100,GIVEBACK_GUARD,-26.45,-0.93,LONDON_CLOSE,NEUTRAL,True,,True,2,True,1.69
GBPJPY,BUY,HH_HL_CONTINUATION,209.35300,209.41510,209.42200,0.750,2026-03-03 17:00,2026-03-03 17:15,209.41510,TRAILED_SL,6.21,3.55,LONDON_CLOSE,SELL,True,,False,1,False,8.57
GBPJPY,SELL,LIQUIDITY_SWEEP_REVERSAL,209.59400,209.85000,208.50445,1.000,2026-03-05 10:00,2026-03-05 11:00,209.85000,SL_HIT,-25.60,-1.00,LONDON_OPEN,SELL,True,,False,0,False,0.00
GBPJPY,SELL,CONTINUATION_OB,210.46200,210.66700,208.25835,1.000,2026-03-06 13:30,2026-03-06 14:45,210.66700,SL_HIT,-20.50,-1.00,NY_OPEN,BUY,True,,False,0,False,0.00
