symbol,setup_type,direction,kill_zone,entry_time,exit_time,pnl_pips,exit_reason
EURUSD,CHOCH,SELL,LONDON_CLOSE,2024-11-08 16:15:00+00:00,2024-11-08 18:25:00+00:00,35.70000000000073,GIVEBACK_GUARD
EURUSD,FVG_ENTRY,SELL,LONDON_CLOSE,2024-11-11 15:35:00+00:00,2024-11-11 15:45:00+00:00,3.9199999999994795,TRAILED_SL
EURUSD,CHOCH,SELL,NY_OPEN,2024-11-13 13:30:00+00:00,2024-11-13 15:30:00+00:00,-37.857800000000715,SL_HIT
EURUSD,LIQUIDITY_SWEEP_REVERSAL,SELL,LONDON_CLOSE,2024-11-13 15:30:00+00:00,2024-11-13 16:35:00+00:00,22.199999999998887,GIVEBACK_GUARD
EURUSD,CHOCH,SELL,LONDON_CLOSE,2024-11-13 16:35:00+00:00,2024-11-13 17:10:00+00:00,48.299999999998896,GIVEBACK_GUARD
EURUSD,FVG_ENTRY,SELL,LONDON_CLOSE,2024-11-14 15:45:00+00:00,2024-11-14 16:00:00+00:00,-8.20000000000043,SL_HIT
EURUSD,CHOCH,SELL,LONDON_CLOSE,2024-11-15 15:30:00+00:00,2024-11-15 16:20:00+00:00,15.699999999998493,GIVEBACK_GUARD
EURUSD,CHOCH,SELL,LONDON_CLOSE,2024-11-15 16:20:00+00:00,2024-11-21 18:00:00+00:00,34.000000000000696,GIVEBACK_GUARD
EURUSD,LIQUIDITY_SWEEP_REVERSAL,BUY,LONDON_CLOSE,2024-11-22 17:00:00+00:00,2024-11-22 17:20:00+00:00,7.299999999998974,GIVEBACK_GUARD
EURUSD,CHOCH,BUY,LONDON_OPEN,2024-11-26 06:45:00+00:00,2024-11-26 12:50:00+00:00,38.19999999999934,GIVEBACK_GUARD
EURUSD,CHOCH,SELL,LONDON_CLOSE,2024-11-26 16:45:00+00:00,2024-11-26 18:00:00+00:00,21.200000000001218,GIVEBACK_GUARD
EURUSD,CHOCH,SELL,LONDON_OPEN,2024-11-27 06:00:00+00:00,2024-11-27 10:20:00+00:00,-34.490999999998714,SL_HIT
EURUSD,LIQUIDITY_SWEEP_REVERSAL,SELL,LONDON_OPEN,2024-12-02 09:00:00+00:00,2024-12-02 10:05:00+00:00,9.799999999999809,GIVEBACK_GUARD
EURUSD,CHOCH,BUY,LONDON_OPEN,2024-12-03 09:00:00+00:00,2024-12-03 10:25:00+00:00,19.400000000000528,GIVEBACK_GUARD
EURUSD,LIQUIDITY_SWEEP_REVERSAL,BUY,LONDON_CLOSE,2024-12-04 16:15:00+00:00,2024-12-04 17:30:00+00:00,28.365779999999674,GIVEBACK_GUARD
EURUSD,FVG_ENTRY,BUY,LONDON_CLOSE,2024-12-05 15:40:00+00:00,2024-12-05 15:45:00+00:00,8.800000000000807,TP_HIT
EURUSD,FVG_ENTRY,BUY,LONDON_CLOSE,2024-12-05 16:55:00+00:00,2024-12-05 17:05:00+00:00,0.7799999999988927,GIVEBACK_GUARD
EURUSD,LIQUIDITY_SWEEP_REVERSAL,BUY,LONDON_CLOSE,2024-12-06 16:00:00+00:00,2024-12-06 17:10:00+00:00,-25.066900000001446,SL_HIT
EURUSD,CHOCH,SELL,LONDON_OPEN,2024-12-11 07:15:00+00:00,2024-12-11 08:10:00+00:00,-4.499999999998394,SL_HIT
EURUSD,CHOCH,SELL,LONDON_OPEN,2024-12-11 08:10:00+00:00,2024-12-11 10:00:00+00:00,31.625960000000838,GIVEBACK_GUARD
EURUSD,LIQUIDITY_SWEEP_REVERSAL,BUY,LONDON_CLOSE,2024-12-12 15:30:00+00:00,2024-12-12 17:05:00+00:00,18.427339999999237,GIVEBACK_GUARD
EURUSD,CHOCH,SELL,NY_OPEN,2024-12-16 13:30:00+00:00,2024-12-18 21:15:00+00:00,61.308439999999905,GIVEBACK_GUARD
EURUSD,LIQUIDITY_SWEEP_REVERSAL,SELL,LONDON_OPEN,2024-12-20 08:00:00+00:00,2024-12-20 09:10:00+00:00,-30.068899999999843,SL_HIT
EURUSD,FVG_ENTRY,BUY,LONDON_CLOSE,2024-12-20 15:45:00+00:00,2024-12-20 15:55:00+00:00,1.2999999999996348,GIVEBACK_GUARD
EURUSD,CHOCH,BUY,NY_OPEN,2024-12-24 13:30:00+00:00,2024-12-26 17:50:00+00:00,12.599999999998168,GIVEBACK_GUARD
EURUSD,CHOCH,SELL,LONDON_CLOSE,2024-12-30 16:45:00+00:00,2024-12-31 17:35:00+00:00,33.799999999999386,GIVEBACK_GUARD
EURUSD,LIQUIDITY_SWEEP_REVERSAL,SELL,LONDON_CLOSE,2025-01-03 17:00:00+00:00,2025-01-03 17:30:00+00:00,6.6000000000010495,GIVEBACK_GUARD
EURUSD,LIQUIDITY_SWEEP_REVERSAL,SELL,LONDON_CLOSE,2025-01-06 15:30:00+00:00,2025-01-06 15:45:00+00:00,11.600000000000499,GIVEBACK_GUARD
EURUSD,CHOCH,SELL,LONDON_CLOSE,2025-01-06 17:00:00+00:00,2025-01-07 22:45:00+00:00,39.5000000000012,GIVEBACK_GUARD
EURUSD,LIQUIDITY_SWEEP_REVERSAL,SELL,LONDON_CLOSE,2025-01-14 15:30:00+00:00,2025-01-14 17:35:00+00:00,-30.07209999999816,SL_HIT
EURUSD,CHOCH,BUY,LONDON_CLOSE,2025-01-15 15:30:00+00:00,2025-01-15 18:10:00+00:00,-48.39999999999955,SL_HIT
EURUSD,LIQUIDITY_SWEEP_REVERSAL,BUY,LONDON_CLOSE,2025-01-16 15:30:00+00:00,2025-01-16 17:25:00+00:00,19.819999999999283,GIVEBACK_GUARD
EURUSD,CHOCH,SELL,LONDON_OPEN,2025-01-17 06:30:00+00:00,2025-01-17 16:25:00+00:00,14.000000000000679,GIVEBACK_GUARD
EURUSD,CHOCH,BUY,LONDON_CLOSE,2025-01-17 17:00:00+00:00,2025-01-20 15:35:00+00:00,46.800000000000175,GIVEBACK_GUARD
EURUSD,FVG_ENTRY,BUY,LONDON_CLOSE,2025-01-20 16:55:00+00:00,2025-01-20 17:15:00+00:00,10.719999999999175,TRAILED_SL
EURUSD,CHOCH,BUY,LONDON_OPEN,2025-01-23 06:15:00+00:00,2025-01-23 18:10:00+00:00,-35.69160000000071,SL_HIT
EURUSD,FVG_ENTRY,BUY,LONDON_OPEN,2025-01-24 08:45:00+00:00,2025-01-24 08:55:00+00:00,-6.499999999998174,SL_HIT
EURUSD,CHOCH,SELL,LONDON_CLOSE,2025-01-24 16:15:00+00:00,2025-01-28 01:35:00+00:00,39.9000000000016,GIVEBACK_GUARD
EURUSD,CHOCH,BUY,LONDON_CLOSE,2025-01-30 16:45:00+00:00,2025-01-31 11:00:00+00:00,-58.67860000000169,SL_HIT
EURUSD,CHOCH,BUY,LONDON_CLOSE,2025-02-06 15:30:00+00:00,2025-02-06 18:25:00+00:00,13.600000000000279,GIVEBACK_GUARD
EURUSD,LIQUIDITY_SWEEP_REVERSAL,SELL,LONDON_CLOSE,2025-02-07 15:30:00+00:00,2025-02-07 18:05:00+00:00,27.300000000001212,GIVEBACK_GUARD
EURUSD,FVG_ENTRY,SELL,LONDON_OPEN,2025-02-12 06:20:00+00:00,2025-02-12 06:35:00+00:00,2.9999999999996696,GIVEBACK_GUARD
EURUSD,FVG_ENTRY,BUY,LONDON_OPEN,2025-02-13 08:40:00+00:00,2025-02-13 09:25:00+00:00,-5.1000000000001044,SL_HIT
EURUSD,LIQUIDITY_SWEEP_REVERSAL,BUY,LONDON_CLOSE,2025-02-13 15:30:00+00:00,2025-02-13 17:20:00+00:00,26.27999999999986,GIVEBACK_GUARD
EURUSD,CHOCH,BUY,LONDON_OPEN,2025-02-14 09:00:00+00:00,2025-02-14 15:50:00+00:00,21.500000000000963,GIVEBACK_GUARD
EURUSD,CHOCH,SELL,NY_OPEN,2025-02-19 13:30:00+00:00,2025-02-20 19:10:00+00:00,-59.42080000000072,SL_HIT
EURUSD,LIQUIDITY_SWEEP_REVERSAL,SELL,LONDON_CLOSE,2025-02-21 17:00:00+00:00,2025-02-21 18:25:00+00:00,16.199999999999548,GIVEBACK_GUARD
EURUSD,CHOCH,BUY,LONDON_OPEN,2025-02-25 06:00:00+00:00,2025-02-25 14:10:00+00:00,19.000000000000128,GIVEBACK_GUARD
EURUSD,LIQUIDITY_SWEEP_REVERSAL,SELL,LONDON_CLOSE,2025-02-27 15:30:00+00:00,2025-02-27 16:00:00+00:00,26.299999999999102,GIVEBACK_GUARD
EURUSD,CHOCH,SELL,LONDON_CLOSE,2025-02-27 16:00:00+00:00,2025-02-27 23:30:00+00:00,34.79999999999927,GIVEBACK_GUARD
EURUSD,CHOCH,BUY,LONDON_OPEN,2025-03-04 09:00:00+00:00,2025-03-04 10:30:00+00:00,22.699999999999942,GIVEBACK_GUARD
EURUSD,FVG_ENTRY,SELL,LONDON_OPEN,2025-03-05 08:35:00+00:00,2025-03-05 08:55:00+00:00,3.6799999999996835,GIVEBACK_GUARD
EURUSD,CHOCH,SELL,LONDON_OPEN,2025-03-06 06:00:00+00:00,2025-03-06 15:15:00+00:00,-53.838399999999176,SL_HIT
EURUSD,CHOCH,SELL,LONDON_CLOSE,2025-03-07 15:00:00+00:00,2025-03-07 19:50:00+00:00,18.100000000000893,GIVEBACK_GUARD
EURUSD,CHOCH,SELL,LONDON_OPEN,2025-03-10 06:30:00+00:00,2025-03-10 07:10:00+00:00,4.459999999999464,GIVEBACK_GUARD
EURUSD,CHOCH,BUY,NY_OPEN,2025-03-10 13:30:00+00:00,2025-03-11 09:50:00+00:00,44.800000000000395,GIVEBACK_GUARD
EURUSD,CHOCH,SELL,LONDON_CLOSE,2025-03-12 15:30:00+00:00,2025-03-13 14:10:00+00:00,28.400000000001757,GIVEBACK_GUARD
EURUSD,LIQUIDITY_SWEEP_REVERSAL,BUY,LONDON_OPEN,2025-03-14 09:00:00+00:00,2025-03-14 11:40:00+00:00,12.099999999999334,GIVEBACK_GUARD
EURUSD,FVG_ENTRY,SELL,LONDON_CLOSE,2025-03-14 16:05:00+00:00,2025-03-14 16:20:00+00:00,5.999999999999339,GIVEBACK_GUARD
EURUSD,LIQUIDITY_SWEEP_REVERSAL,SELL,LONDON_OPEN,2025-03-17 06:00:00+00:00,2025-03-17 12:25:00+00:00,-26.39299999999789,SL_HIT
EURUSD,CHOCH,BUY,LONDON_OPEN,2025-03-18 08:45:00+00:00,2025-03-18 09:10:00+00:00,7.079999999999309,GIVEBACK_GUARD
EURUSD,CHOCH,SELL,LONDON_OPEN,2025-03-20 06:45:00+00:00,2025-03-20 09:45:00+00:00,34.079679999999165,GIVEBACK_GUARD
EURUSD,CHOCH,SELL,LONDON_OPEN,2025-03-24 06:00:00+00:00,2025-03-24 16:05:00+00:00,18.700000000000383,GIVEBACK_GUARD
EURUSD,FVG_ENTRY,SELL,LONDON_CLOSE,2025-03-24 16:10:00+00:00,2025-03-24 16:15:00+00:00,-5.20000000000076,SL_HIT
EURUSD,CHOCH,BUY,LONDON_OPEN,2025-03-25 06:00:00+00:00,2025-03-25 13:45:00+00:00,19.700000000000273,GIVEBACK_GUARD
EURUSD,CHOCH,SELL,LONDON_CLOSE,2025-03-25 16:00:00+00:00,2025-03-25 16:15:00+00:00,6.299999999999084,GIVEBACK_GUARD
EURUSD,CHOCH,SELL,LONDON_CLOSE,2025-03-25 16:30:00+00:00,2025-03-25 21:30:00+00:00,16.40000000000086,GIVEBACK_GUARD
EURUSD,CHOCH,BUY,LONDON_CLOSE,2025-03-28 15:00:00+00:00,2025-03-28 16:10:00+00:00,22.699999999999942,GIVEBACK_GUARD
EURUSD,CHOCH,BUY,LONDON_CLOSE,2025-03-28 16:10:00+00:00,2025-04-02 18:00:00+00:00,38.3,GIVEBACK_GUARD
EURUSD,FVG_ENTRY,BUY,LONDON_OPEN,2025-04-03 06:00:00+00:00,2025-04-03 06:20:00+00:00,3.7599999999997635,TRAILED_SL
EURUSD,LIQUIDITY_SWEEP_REVERSAL,SELL,LONDON_CLOSE,2025-04-04 15:30:00+00:00,2025-04-04 17:05:00+00:00,28.200000000000447,GIVEBACK_GUARD
EURUSD,FVG_ENTRY,BUY,LONDON_OPEN,2025-04-08 07:35:00+00:00,2025-04-08 08:05:00+00:00,-7.600000000000939,SL_HIT
EURUSD,CHOCH,BUY,LONDON_CLOSE,2025-04-08 16:15:00+00:00,2025-04-08 17:35:00+00:00,-65.42019999999926,SL_HIT
EURUSD,LIQUIDITY_SWEEP_REVERSAL,SELL,LONDON_OPEN,2025-04-09 08:00:00+00:00,2025-04-09 09:50:00+00:00,-34.567499999997864,SL_HIT
EURUSD,FVG_ENTRY,BUY,LONDON_OPEN,2025-04-10 08:40:00+00:00,2025-04-10 08:45:00+00:00,-4.100000000000215,SL_HIT
EURUSD,FVG_ENTRY,BUY,LONDON_CLOSE,2025-04-10 15:40:00+00:00,2025-04-10 15:55:00+00:00,-7.999999999999119,SL_HIT
EURUSD,FVG_ENTRY,SELL,LONDON_OPEN,2025-04-17 08:50:00+00:00,2025-04-17 09:10:00+00:00,-0.40000000000040004,GIVEBACK_GUARD
EURUSD,CHOCH,BUY,LONDON_CLOSE,2025-04-17 16:00:00+00:00,2025-04-17 17:25:00+00:00,22.699999999999942,GIVEBACK_GUARD
EURUSD,FVG_ENTRY,BUY,LONDON_CLOSE,2025-04-18 16:15:00+00:00,2025-04-18 17:10:00+00:00,7.999999999999119,GIVEBACK_GUARD
EURUSD,FVG_ENTRY,BUY,LONDON_CLOSE,2025-04-21 15:35:00+00:00,2025-04-21 15:50:00+00:00,6.460000000000132,GIVEBACK_GUARD
EURUSD,CHOCH,BUY,LONDON_OPEN,2025-04-22 06:00:00+00:00,2025-04-22 16:05:00+00:00,-75.66220000000179,SL_HIT
EURUSD,FVG_ENTRY,BUY,LONDON_CLOSE,2025-04-25 16:05:00+00:00,2025-04-25 16:25:00+00:00,-8.799999999999919,SL_HIT
EURUSD,LIQUIDITY_SWEEP_REVERSAL,BUY,LONDON_CLOSE,2025-04-29 15:15:00+00:00,2025-04-29 15:45:00+00:00,12.999999999998568,GIVEBACK_GUARD
EURUSD,CHOCH,BUY,LONDON_CLOSE,2025-04-29 15:45:00+00:00,2025-04-30 17:05:00+00:00,-60.54400000000015,SL_HIT
EURUSD,CHOCH,BUY,NY_OPEN,2025-05-01 13:30:00+00:00,2025-05-02 16:40:00+00:00,39.70000000000029,GIVEBACK_GUARD
EURUSD,FVG_ENTRY,BUY,LONDON_OPEN,2025-05-05 06:10:00+00:00,2025-05-05 06:30:00+00:00,0.5999999999994898,GIVEBACK_GUARD
EURUSD,FVG_ENTRY,BUY,LONDON_CLOSE,2025-05-05 15:30:00+00:00,2025-05-05 16:00:00+00:00,3.6999999999998145,GIVEBACK_GUARD
EURUSD,FVG_ENTRY,BUY,LONDON_CLOSE,2025-05-05 16:55:00+00:00,2025-05-05 17:00:00+00:00,-6.699999999999484,SL_HIT
EURUSD,FVG_ENTRY,BUY,LONDON_OPEN,2025-05-08 06:20:00+00:00,2025-05-08 06:35:00+00:00,-3.7999999999982492,SL_HIT
EURUSD,FVG_ENTRY,BUY,LONDON_OPEN,2025-05-08 07:30:00+00:00,2025-05-08 08:00:00+00:00,-7.600000000000939,SL_HIT
EURUSD,CHOCH,SELL,LONDON_OPEN,2025-05-08 09:00:00+00:00,2025-05-08 18:50:00+00:00,47.40000000000188,GIVEBACK_GUARD
EURUSD,CHOCH,BUY,LONDON_OPEN,2025-05-09 08:30:00+00:00,2025-05-09 08:45:00+00:00,3.8000000000004697,GIVEBACK_GUARD
EURUSD,CHOCH,BUY,LONDON_OPEN,2025-05-09 09:00:00+00:00,2025-05-09 17:35:00+00:00,45.999999999999375,GIVEBACK_GUARD
EURUSD,CHOCH,SELL,LONDON_OPEN,2025-05-14 09:00:00+00:00,2025-05-14 11:00:00+00:00,-37.29920000000053,SL_HIT
EURUSD,LIQUIDITY_SWEEP_REVERSAL,SELL,LONDON_CLOSE,2025-05-15 15:30:00+00:00,2025-05-15 15:50:00+00:00,2.1999999999988695,GIVEBACK_GUARD
EURUSD,CHOCH,BUY,LONDON_CLOSE,2025-05-15 16:05:00+00:00,2025-05-16 17:40:00+00:00,-63.95659999999914,SL_HIT
EURUSD,CHOCH,BUY,LONDON_OPEN,2025-05-20 06:00:00+00:00,2025-05-20 10:15:00+00:00,26.299999999999102,GIVEBACK_GUARD
EURUSD,LIQUIDITY_SWEEP_REVERSAL,SELL,LONDON_OPEN,2025-05-23 08:30:00+00:00,2025-05-23 10:20:00+00:00,-23.62039999999732,SL_HIT
EURUSD,CHOCH,SELL,LONDON_CLOSE,2025-05-23 15:00:00+00:00,2025-05-26 02:15:00+00:00,-71.61380000000106,SL_HIT
EURUSD,FVG_ENTRY,BUY,LONDON_OPEN,2025-05-26 07:15:00+00:00,2025-05-26 08:35:00+00:00,-7.300000000001194,SL_HIT
EURUSD,CHOCH,SELL,LONDON_OPEN,2025-05-27 07:30:00+00:00,2025-05-27 10:30:00+00:00,33.799999999999386,GIVEBACK_GUARD
EURUSD,CHOCH,SELL,LONDON_OPEN,2025-05-30 06:00:00+00:00,2025-05-30 12:00:00+00:00,24.500000000000632,GIVEBACK_GUARD
EURUSD,FVG_ENTRY,SELL,NY_OPEN,2025-05-30 13:30:00+00:00,2025-05-30 14:55:00+00:00,5.440000000000111,TRAILED_SL
EURUSD,CHOCH,SELL,LONDON_CLOSE,2025-05-30 16:30:00+00:00,2025-06-02 04:30:00+00:00,-58.51559999999978,SL_HIT
EURUSD,CHOCH,SELL,LONDON_OPEN,2025-06-04 07:30:00+00:00,2025-06-04 07:55:00+00:00,6.579999999999586,GIVEBACK_GUARD
EURUSD,CHOCH,SELL,LONDON_OPEN,2025-06-04 08:00:00+00:00,2025-06-04 17:00:00+00:00,-45.584800000000314,SL_HIT
EURUSD,CHOCH,SELL,LONDON_OPEN,2025-06-05 06:00:00+00:00,2025-06-05 16:10:00+00:00,-43.66800000000115,SL_HIT
EURUSD,LIQUIDITY_SWEEP_REVERSAL,SELL,LONDON_CLOSE,2025-06-06 15:30:00+00:00,2025-06-06 16:25:00+00:00,22.599999999999287,GIVEBACK_GUARD
EURUSD,CHOCH,SELL,LONDON_CLOSE,2025-06-09 15:00:00+00:00,2025-06-10 10:10:00+00:00,30.49999999999997,GIVEBACK_GUARD
EURUSD,CHOCH,BUY,NY_OPEN,2025-06-10 13:30:00+00:00,2025-06-11 15:35:00+00:00,52.499999999999766,GIVEBACK_GUARD
EURUSD,FVG_ENTRY,BUY,LONDON_CLOSE,2025-06-11 15:40:00+00:00,2025-06-11 18:35:00+00:00,18.000000000000238,GIVEBACK_GUARD
EURUSD,CHOCH,BUY,NY_OPEN,2025-06-12 13:30:00+00:00,2025-06-17 20:45:00+00:00,-98.90919999999913,SL_HIT
EURUSD,LIQUIDITY_SWEEP_REVERSAL,BUY,LONDON_CLOSE,2025-06-18 17:00:00+00:00,2025-06-18 21:50:00+00:00,-37.8999999999996,SL_HIT
EURUSD,FVG_ENTRY,SELL,LONDON_OPEN,2025-06-19 08:55:00+00:00,2025-06-19 09:10:00+00:00,3.8400000000002876,GIVEBACK_GUARD
EURUSD,FVG_ENTRY,BUY,LONDON_OPEN,2025-06-26 06:10:00+00:00,2025-06-26 06:25:00+00:00,2.3199999999996557,GIVEBACK_GUARD
EURUSD,LIQUIDITY_SWEEP_REVERSAL,BUY,LONDON_CLOSE,2025-06-26 15:30:00+00:00,2025-06-26 19:40:00+00:00,27.999999999999137,GIVEBACK_GUARD
EURUSD,CHOCH,SELL,LONDON_OPEN,2025-06-27 09:00:00+00:00,2025-06-27 15:30:00+00:00,-44.117200000000075,SL_HIT
EURUSD,FVG_ENTRY,BUY,LONDON_CLOSE,2025-07-01 15:05:00+00:00,2025-07-01 16:20:00+00:00,-9.300000000000974,SL_HIT
EURUSD,CHOCH,BUY,LONDON_CLOSE,2025-07-02 15:15:00+00:00,2025-07-02 19:10:00+00:00,11.799999999999589,GIVEBACK_GUARD
EURUSD,CHOCH,SELL,LONDON_OPEN,2025-07-03 07:50:00+00:00,2025-07-03 08:45:00+00:00,-4.3999999999999595,SL_HIT
EURUSD,CHOCH,SELL,LONDON_OPEN,2025-07-07 06:00:00+00:00,2025-07-07 09:50:00+00:00,17.000000000000348,GIVEBACK_GUARD
EURUSD,CHOCH,SELL,NY_OPEN,2025-07-08 13:30:00+00:00,2025-07-08 16:35:00+00:00,23.299999999999432,GIVEBACK_GUARD
EURUSD,FVG_ENTRY,SELL,LONDON_CLOSE,2025-07-08 16:45:00+00:00,2025-07-08 16:50:00+00:00,-2.9999999999996696,SL_HIT
EURUSD,LIQUIDITY_SWEEP_REVERSAL,SELL,LONDON_CLOSE,2025-07-11 16:45:00+00:00,2025-07-14 00:05:00+00:00,20.800000000000818,GIVEBACK_GUARD
EURUSD,CHOCH,SELL,LONDON_CLOSE,2025-07-14 16:00:00+00:00,2025-07-14 20:45:00+00:00,16.499999999999293,GIVEBACK_GUARD
EURUSD,CHOCH,SELL,LONDON_CLOSE,2025-07-15 15:00:00+00:00,2025-07-15 16:55:00+00:00,24.999999999999467,GIVEBACK_GUARD
EURUSD,FVG_ENTRY,BUY,LONDON_CLOSE,2025-07-18 16:30:00+00:00,2025-07-18 16:35:00+00:00,-5.5000000000005045,SL_HIT
EURUSD,CHOCH,SELL,LONDON_CLOSE,2025-07-22 15:25:00+00:00,2025-07-22 15:50:00+00:00,4.239999999999355,TRAILED_SL
EURUSD,LIQUIDITY_SWEEP_REVERSAL,BUY,LONDON_CLOSE,2025-07-24 16:00:00+00:00,2025-07-24 16:55:00+00:00,13.999999999998458,GIVEBACK_GUARD
EURUSD,CHOCH,BUY,LONDON_CLOSE,2025-07-24 16:55:00+00:00,2025-07-25 16:05:00+00:00,-64.05919999999954,SL_HIT
EURUSD,CHOCH,BUY,LONDON_CLOSE,2025-07-25 17:00:00+00:00,2025-07-28 00:15:00+00:00,26.700000000001722,GIVEBACK_GUARD
EURUSD,CHOCH,SELL,LONDON_OPEN,2025-07-28 07:15:00+00:00,2025-07-28 09:35:00+00:00,35.799999999999166,GIVEBACK_GUARD
EURUSD,FVG_ENTRY,SELL,NY_OPEN,2025-07-28 13:30:00+00:00,2025-07-28 13:40:00+00:00,-6.299999999999084,SL_HIT
EURUSD,CHOCH,BUY,LONDON_OPEN,2025-07-29 06:00:00+00:00,2025-07-29 09:30:00+00:00,-31.666999999999668,SL_HIT
EURUSD,FVG_ENTRY,SELL,LONDON_CLOSE,2025-07-29 16:20:00+00:00,2025-07-29 16:35:00+00:00,3.1399999999992545,GIVEBACK_GUARD
EURUSD,FVG_ENTRY,SELL,LONDON_OPEN,2025-08-01 06:00:00+00:00,2025-08-01 06:05:00+00:00,-2.1999999999988695,SL_HIT
EURUSD,CHOCH,SELL,NY_OPEN,2025-08-01 13:30:00+00:00,2025-08-01 15:30:00+00:00,-48.97420000000041,SL_HIT
EURUSD,LIQUIDITY_SWEEP_REVERSAL,SELL,LONDON_CLOSE,2025-08-05 17:00:00+00:00,2025-08-05 18:05:00+00:00,-28.857099999999303,SL_HIT
EURUSD,CHOCH,BUY,LONDON_OPEN,2025-08-06 06:15:00+00:00,2025-08-06 13:20:00+00:00,22.599999999999287,GIVEBACK_GUARD
EURUSD,FVG_ENTRY,SELL,LONDON_CLOSE,2025-08-07 15:15:00+00:00,2025-08-07 15:20:00+00:00,-4.999999999999449,SL_HIT
EURUSD,CHOCH,BUY,LONDON_CLOSE,2025-08-12 15:30:00+00:00,2025-08-12 18:30:00+00:00,28.600000000000847,GIVEBACK_GUARD
EURUSD,CHOCH,SELL,LONDON_OPEN,2025-08-14 06:15:00+00:00,2025-08-14 06:35:00+00:00,-3.8999999999989043,SL_HIT
EURUSD,CHOCH,SELL,LONDON_OPEN,2025-08-14 06:45:00+00:00,2025-08-14 10:00:00+00:00,12.800000000001699,GIVEBACK_GUARD
EURUSD,LIQUIDITY_SWEEP_REVERSAL,BUY,LONDON_CLOSE,2025-08-15 15:30:00+00:00,2025-08-15 17:15:00+00:00,16.499999999999293,GIVEBACK_GUARD
EURUSD,FVG_ENTRY,BUY,NY_OPEN,2025-08-19 13:30:00+00:00,2025-08-19 14:10:00+00:00,2.5199999999996336,GIVEBACK_GUARD
EURUSD,LIQUIDITY_SWEEP_REVERSAL,SELL,LONDON_OPEN,2025-08-20 09:00:00+00:00,2025-08-20 13:15:00+00:00,-27.84139999999935,SL_HIT
EURUSD,FVG_ENTRY,SELL,NY_OPEN,2025-08-25 13:30:00+00:00,2025-08-25 14:15:00+00:00,-6.499999999998174,SL_HIT
EURUSD,FVG_ENTRY,SELL,LONDON_OPEN,2025-08-26 07:55:00+00:00,2025-08-26 08:40:00+00:00,-6.399999999999739,SL_HIT
EURUSD,CHOCH,BUY,NY_OPEN,2025-08-28 13:30:00+00:00,2025-09-01 05:35:00+00:00,32.49999999999975,GIVEBACK_GUARD
EURUSD,CHOCH,SELL,LONDON_OPEN,2025-09-02 06:00:00+00:00,2025-09-02 10:35:00+00:00,29.400000000001647,GIVEBACK_GUARD
EURUSD,CHOCH,BUY,LONDON_CLOSE,2025-09-02 16:30:00+00:00,2025-09-02 17:15:00+00:00,29.09999999999968,GIVEBACK_GUARD
EURUSD,FVG_ENTRY,BUY,LONDON_CLOSE,2025-09-05 16:25:00+00:00,2025-09-05 17:05:00+00:00,23.279999999999745,GIVEBACK_GUARD
EURUSD,CHOCH,BUY,LONDON_OPEN,2025-09-10 07:15:00+00:00,2025-09-11 15:15:00+00:00,-44.67699999999963,SL_HIT
EURUSD,LIQUIDITY_SWEEP_REVERSAL,BUY,LONDON_CLOSE,2025-09-11 15:30:00+00:00,2025-09-11 16:10:00+00:00,23.100000000000342,GIVEBACK_GUARD
EURUSD,CHOCH,BUY,LONDON_CLOSE,2025-09-11 16:10:00+00:00,2025-09-15 15:20:00+00:00,39.89999999999938,GIVEBACK_GUARD
EURUSD,CHOCH,BUY,LONDON_OPEN,2025-09-16 06:00:00+00:00,2025-09-16 10:20:00+00:00,20.699999999997942,GIVEBACK_GUARD
EURUSD,CHOCH,SELL,LONDON_CLOSE,2025-09-22 16:45:00+00:00,2025-09-23 04:35:00+00:00,-34.473600000000104,SL_HIT
EURUSD,LIQUIDITY_SWEEP_REVERSAL,BUY,LONDON_CLOSE,2025-09-23 16:50:00+00:00,2025-09-23 17:20:00+00:00,9.319999999999329,GIVEBACK_GUARD
EURUSD,CHOCH,SELL,LONDON_OPEN,2025-09-25 08:45:00+00:00,2025-09-25 15:55:00+00:00,38.66336000000015,GIVEBACK_GUARD
EURUSD,CHOCH,BUY,LONDON_CLOSE,2025-09-26 16:45:00+00:00,2025-09-26 23:00:00+00:00,22.199999999998887,GIVEBACK_GUARD
EURUSD,LIQUIDITY_SWEEP_REVERSAL,SELL,LONDON_CLOSE,2025-10-01 15:15:00+00:00,2025-10-01 18:20:00+00:00,20.899999999999253,GIVEBACK_GUARD
EURUSD,CHOCH,SELL,LONDON_CLOSE,2025-10-02 16:45:00+00:00,2025-10-02 18:40:00+00:00,29.399999999999427,GIVEBACK_GUARD
EURUSD,FVG_ENTRY,SELL,LONDON_CLOSE,2025-10-07 15:00:00+00:00,2025-10-07 15:25:00+00:00,3.9599999999992974,GIVEBACK_GUARD
EURUSD,FVG_ENTRY,SELL,LONDON_CLOSE,2025-10-07 15:55:00+00:00,2025-10-07 16:15:00+00:00,-0.2999999999997449,GIVEBACK_GUARD
EURUSD,FVG_ENTRY,SELL,LONDON_CLOSE,2025-10-07 16:25:00+00:00,2025-10-07 16:40:00+00:00,1.100000000000545,GIVEBACK_GUARD
EURUSD,CHOCH,BUY,NY_OPEN,2025-10-08 13:30:00+00:00,2025-10-09 17:25:00+00:00,-46.81020000000036,SL_HIT
EURUSD,FVG_ENTRY,SELL,LONDON_CLOSE,2025-10-10 16:10:00+00:00,2025-10-10 17:05:00+00:00,-7.599999999998719,SL_HIT
EURUSD,CHOCH,SELL,LONDON_OPEN,2025-10-15 09:00:00+00:00,2025-10-15 15:55:00+00:00,10.499999999999954,GIVEBACK_GUARD
EURUSD,CHOCH,SELL,LONDON_OPEN,2025-10-24 06:00:00+00:00,2025-10-24 15:30:00+00:00,-36.741000000000135,SL_HIT
EURUSD,FVG_ENTRY,BUY,LONDON_CLOSE,2025-10-24 16:15:00+00:00,2025-10-27 03:20:00+00:00,11.799999999999589,GIVEBACK_GUARD
EURUSD,CHOCH,BUY,NY_OPEN,2025-10-27 13:30:00+00:00,2025-10-28 03:15:00+00:00,18.800000000001038,GIVEBACK_GUARD
EURUSD,CHOCH,BUY,LONDON_CLOSE,2025-10-28 16:30:00+00:00,2025-10-29 20:35:00+00:00,-57.84919999999971,SL_HIT
EURUSD,CHOCH,BUY,LONDON_CLOSE,2025-11-03 17:00:00+00:00,2025-11-04 14:20:00+00:00,-38.309599999999385,SL_HIT
EURUSD,CHOCH,BUY,LONDON_CLOSE,2025-11-05 15:00:00+00:00,2025-11-06 03:20:00+00:00,17.700000000000493,GIVEBACK_GUARD
EURUSD,CHOCH,BUY,LONDON_OPEN,2025-11-12 09:00:00+00:00,2025-11-13 10:15:00+00:00,28.89999999999837,GIVEBACK_GUARD
EURUSD,FVG_ENTRY,SELL,LONDON_CLOSE,2025-11-17 16:50:00+00:00,2025-11-17 17:10:00+00:00,2.900000000001235,GIVEBACK_GUARD
EURUSD,CHOCH,SELL,NY_OPEN,2025-11-18 13:30:00+00:00,2025-11-19 16:20:00+00:00,26.800000000000157,GIVEBACK_GUARD
EURUSD,FVG_ENTRY,SELL,LONDON_OPEN,2025-11-20 06:00:00+00:00,2025-11-20 06:25:00+00:00,-4.899999999998794,SL_HIT
EURUSD,LIQUIDITY_SWEEP_REVERSAL,BUY,LONDON_CLOSE,2025-11-20 15:30:00+00:00,2025-11-20 16:35:00+00:00,18.499999999999073,GIVEBACK_GUARD
EURUSD,CHOCH,BUY,LONDON_CLOSE,2025-11-20 16:35:00+00:00,2025-11-25 17:35:00+00:00,35.99999999999825,GIVEBACK_GUARD
EURUSD,CHOCH,BUY,LONDON_CLOSE,2025-11-26 16:45:00+00:00,2025-11-27 03:30:00+00:00,27.199999999998337,GIVEBACK_GUARD
EURUSD,CHOCH,BUY,LONDON_CLOSE,2025-11-27 15:15:00+00:00,2025-11-28 12:50:00+00:00,-33.75560000000055,SL_HIT
EURUSD,CHOCH,BUY,LONDON_CLOSE,2025-12-02 15:45:00+00:00,2025-12-03 06:55:00+00:00,23.500000000000743,GIVEBACK_GUARD
EURUSD,CHOCH,BUY,LONDON_OPEN,2025-12-05 06:00:00+00:00,2025-12-05 09:40:00+00:00,13.799999999999368,GIVEBACK_GUARD
EURUSD,CHOCH,BUY,LONDON_CLOSE,2025-12-08 16:00:00+00:00,2025-12-08 17:35:00+00:00,-29.791399999998802,SL_HIT
EURUSD,CHOCH,SELL,LONDON_OPEN,2025-12-09 08:00:00+00:00,2025-12-09 17:10:00+00:00,23.599999999999177,GIVEBACK_GUARD
EURUSD,CHOCH,SELL,LONDON_OPEN,2025-12-11 07:00:00+00:00,2025-12-11 15:45:00+00:00,-41.91279999999908,SL_HIT
EURUSD,CHOCH,BUY,LONDON_CLOSE,2025-12-12 16:15:00+00:00,2025-12-15 14:10:00+00:00,18.599999999999728,GIVEBACK_GUARD
EURUSD,LIQUIDITY_SWEEP_REVERSAL,SELL,LONDON_CLOSE,2025-12-16 15:30:00+00:00,2025-12-17 04:25:00+00:00,23.499999999998522,GIVEBACK_GUARD
EURUSD,CHOCH,BUY,LONDON_CLOSE,2025-12-18 16:30:00+00:00,2025-12-22 16:45:00+00:00,26.399999999999757,GIVEBACK_GUARD
EURUSD,FVG_ENTRY,BUY,LONDON_CLOSE,2025-12-26 15:15:00+00:00,2025-12-26 15:40:00+00:00,4.960000000000964,GIVEBACK_GUARD
EURUSD,FVG_ENTRY,BUY,LONDON_CLOSE,2025-12-26 16:20:00+00:00,2025-12-26 16:45:00+00:00,-5.300000000001415,SL_HIT
EURUSD,FVG_ENTRY,BUY,LONDON_CLOSE,2025-12-26 16:50:00+00:00,2025-12-26 17:20:00+00:00,7.200000000000095,GIVEBACK_GUARD
EURUSD,FVG_ENTRY,SELL,LONDON_OPEN,2026-01-05 06:00:00+00:00,2026-01-05 07:25:00+00:00,-7.399999999999629,SL_HIT
EURUSD,CHOCH,BUY,LONDON_CLOSE,2026-01-06 16:45:00+00:00,2026-01-07 10:25:00+00:00,-35.29239999999767,SL_HIT
EURUSD,CHOCH,BUY,NY_OPEN,2026-01-07 13:30:00+00:00,2026-01-08 19:15:00+00:00,-36.74380000000088,SL_HIT
EURUSD,LIQUIDITY_SWEEP_REVERSAL,BUY,LONDON_CLOSE,2026-01-09 15:30:00+00:00,2026-01-09 17:10:00+00:00,-29.09999999999968,SL_HIT
EURUSD,LIQUIDITY_SWEEP_REVERSAL,BUY,LONDON_CLOSE,2026-01-13 15:30:00+00:00,2026-01-13 18:10:00+00:00,-26.550999999999103,SL_HIT
EURUSD,CHOCH,BUY,LONDON_OPEN,2026-01-14 06:30:00+00:00,2026-01-14 15:00:00+00:00,11.000000000001009,GIVEBACK_GUARD
EURUSD,FVG_ENTRY,BUY,LONDON_CLOSE,2026-01-14 15:05:00+00:00,2026-01-14 15:30:00+00:00,-4.20000000000087,SL_HIT
EURUSD,CHOCH,BUY,NY_OPEN,2026-01-15 13:30:00+00:00,2026-01-15 15:50:00+00:00,-30.550200000001304,SL_HIT
EURUSD,CHOCH,SELL,LONDON_CLOSE,2026-01-20 16:30:00+00:00,2026-01-21 21:45:00+00:00,38.49999999999909,GIVEBACK_GUARD
EURUSD,FVG_ENTRY,BUY,LONDON_CLOSE,2026-01-22 15:25:00+00:00,2026-01-22 15:30:00+00:00,-2.4999999999986144,SL_HIT
EURUSD,FVG_ENTRY,BUY,NY_OPEN,2026-01-26 13:30:00+00:00,2026-01-26 13:45:00+00:00,3.8000000000004697,GIVEBACK_GUARD
EURUSD,CHOCH,BUY,LONDON_CLOSE,2026-01-26 16:15:00+00:00,2026-01-26 18:05:00+00:00,26.399999999999757,GIVEBACK_GUARD
EURUSD,CHOCH,SELL,LONDON_OPEN,2026-01-27 07:15:00+00:00,2026-01-27 10:40:00+00:00,24.300000000001543,GIVEBACK_GUARD
EURUSD,CHOCH,BUY,NY_OPEN,2026-01-27 13:30:00+00:00,2026-01-27 14:30:00+00:00,29.69999999999917,GIVEBACK_GUARD
EURUSD,CHOCH,BUY,LONDON_CLOSE,2026-01-27 15:00:00+00:00,2026-01-27 18:45:00+00:00,55.200000000001914,GIVEBACK_GUARD
EURUSD,CHOCH,BUY,LONDON_OPEN,2026-01-28 08:30:00+00:00,2026-01-28 09:15:00+00:00,19.900000000001583,GIVEBACK_GUARD
EURUSD,LIQUIDITY_SWEEP_REVERSAL,SELL,LONDON_CLOSE,2026-01-29 17:00:00+00:00,2026-01-29 17:35:00+00:00,29.562899999998393,GIVEBACK_GUARD
EURUSD,FVG_ENTRY,SELL,LONDON_OPEN,2026-02-02 09:00:00+00:00,2026-02-02 09:05:00+00:00,-4.100000000000215,SL_HIT
EURUSD,FVG_ENTRY,SELL,LONDON_CLOSE,2026-02-03 16:15:00+00:00,2026-02-03 16:40:00+00:00,-11.499999999999844,SL_HIT
EURUSD,FVG_ENTRY,SELL,LONDON_CLOSE,2026-02-04 16:15:00+00:00,2026-02-04 16:30:00+00:00,7.200000000000539,TP_HIT
EURUSD,CHOCH,BUY,NY_OPEN,2026-02-05 13:30:00+00:00,2026-02-05 14:20:00+00:00,-6.800000000000139,SL_HIT
EURUSD,CHOCH,BUY,LONDON_OPEN,2026-02-06 06:00:00+00:00,2026-02-06 16:20:00+00:00,22.200000000001108,GIVEBACK_GUARD
EURUSD,CHOCH,BUY,LONDON_CLOSE,2026-02-10 15:30:00+00:00,2026-02-10 16:40:00+00:00,20.998319999999904,GIVEBACK_GUARD
EURUSD,CHOCH,BUY,LONDON_CLOSE,2026-02-10 16:40:00+00:00,2026-02-11 15:30:00+00:00,-50.67519999999881,SL_HIT
EURUSD,CHOCH,SELL,LONDON_CLOSE,2026-02-11 15:30:00+00:00,2026-02-17 15:20:00+00:00,39.70000000000029,GIVEBACK_GUARD
EURUSD,CHOCH,SELL,LONDON_CLOSE,2026-02-17 15:20:00+00:00,2026-02-18 19:40:00+00:00,20.999999999999908,GIVEBACK_GUARD
EURUSD,LIQUIDITY_SWEEP_REVERSAL,BUY,LONDON_CLOSE,2026-02-19 15:45:00+00:00,2026-02-19 16:00:00+00:00,-2.4000000000001798,GIVEBACK_GUARD
EURUSD,CHOCH,BUY,LONDON_OPEN,2026-02-20 09:00:00+00:00,2026-02-20 09:15:00+00:00,2.8999999999990145,GIVEBACK_GUARD
EURUSD,LIQUIDITY_SWEEP_REVERSAL,BUY,LONDON_CLOSE,2026-02-20 15:45:00+00:00,2026-02-20 17:20:00+00:00,24.073719999999188,GIVEBACK_GUARD
EURUSD,CHOCH,SELL,NY_OPEN,2026-02-25 13:30:00+00:00,2026-03-13 07:24:44.089031+00:00,0.0,END_OF_DATA
USDJPY,FVG_ENTRY,SELL,LONDON_OPEN,2024-11-08 07:50:00+00:00,2024-11-08 08:05:00+00:00,8.10000000000116,GIVEBACK_GUARD
USDJPY,FVG_ENTRY,SELL,LONDON_OPEN,2024-11-08 08:50:00+00:00,2024-11-08 09:15:00+00:00,4.660000000001219,GIVEBACK_GUARD
USDJPY,LIQUIDITY_SWEEP_REVERSAL,SELL,LONDON_CLOSE,2024-11-12 16:30:00+00:00,2024-11-12 16:45:00+00:00,7.180000000000177,GIVEBACK_GUARD
USDJPY,CHOCH,BUY,LONDON_CLOSE,2024-11-13 17:00:00+00:00,2024-11-13 20:10:00+00:00,47.59999999999991,GIVEBACK_GUARD
USDJPY,LIQUIDITY_SWEEP_REVERSAL,BUY,LONDON_CLOSE,2024-11-14 15:30:00+00:00,2024-11-14 16:35:00+00:00,-48.67559999999855,SL_HIT
USDJPY,CHOCH,SELL,LONDON_OPEN,2024-11-15 06:30:00+00:00,2024-11-15 07:40:00+00:00,-9.400000000002251,SL_HIT
USDJPY,LIQUIDITY_SWEEP_REVERSAL,BUY,LONDON_CLOSE,2024-11-15 15:30:00+00:00,2024-11-15 16:05:00+00:00,-47.100000000000364,SL_HIT
USDJPY,LIQUIDITY_SWEEP_REVERSAL,BUY,LONDON_CLOSE,2024-11-15 16:05:00+00:00,2024-11-15 16:40:00+00:00,28.899999999998727,GIVEBACK_GUARD
USDJPY,LIQUIDITY_SWEEP_REVERSAL,SELL,LONDON_CLOSE,2024-11-15 16:45:00+00:00,2024-11-15 17:10:00+00:00,16.29999999999825,GIVEBACK_GUARD
USDJPY,FVG_ENTRY,BUY,LONDON_CLOSE,2024-11-18 15:05:00+00:00,2024-11-18 15:15:00+00:00,2.640000000001237,TRAILED_SL
USDJPY,CHOCH,SELL,LONDON_CLOSE,2024-11-20 15:45:00+00:00,2024-11-20 17:20:00+00:00,46.48512000000153,GIVEBACK_GUARD
USDJPY,FVG_ENTRY,SELL,LONDON_OPEN,2024-11-21 08:20:00+00:00,2024-11-21 08:45:00+00:00,0.0,GIVEBACK_GUARD
USDJPY,FVG_ENTRY,SELL,LONDON_OPEN,2024-11-26 06:10:00+00:00,2024-11-26 06:20:00+00:00,-4.900000000000659,SL_HIT
USDJPY,FVG_ENTRY,SELL,LONDON_OPEN,2024-11-26 07:35:00+00:00,2024-11-26 07:45:00+00:00,-6.100000000000705,SL_HIT
USDJPY,FVG_ENTRY,SELL,LONDON_OPEN,2024-11-27 09:00:00+00:00,2024-11-27 09:10:00+00:00,2.7999999999991587,GIVEBACK_GUARD
USDJPY,LIQUIDITY_SWEEP_REVERSAL,BUY,LONDON_CLOSE,2024-11-27 16:35:00+00:00,2024-11-27 17:15:00+00:00,29.400000000001114,GIVEBACK_GUARD
USDJPY,CHOCH,SELL,LONDON_CLOSE,2024-11-28 15:15:00+00:00,2024-11-28 17:10:00+00:00,26.300000000000523,GIVEBACK_GUARD
USDJPY,FVG_ENTRY,SELL,LONDON_CLOSE,2024-12-03 15:45:00+00:00,2024-12-03 15:50:00+00:00,17.600000000002183,TP_HIT
USDJPY,FVG_ENTRY,SELL,LONDON_CLOSE,2024-12-03 16:15:00+00:00,2024-12-03 16:35:00+00:00,21.15000000000009,TRAILED_SL
USDJPY,LIQUIDITY_SWEEP_REVERSAL,SELL,LONDON_OPEN,2024-12-04 06:30:00+00:00,2024-12-04 09:20:00+00:00,-38.11589999999683,SL_HIT
USDJPY,LIQUIDITY_SWEEP_REVERSAL,SELL,LONDON_CLOSE,2024-12-05 16:00:00+00:00,2024-12-05 18:10:00+00:00,11.400000000000432,GIVEBACK_GUARD
USDJPY,CHOCH,BUY,LONDON_OPEN,2024-12-10 08:30:00+00:00,2024-12-10 10:15:00+00:00,48.599999999999,GIVEBACK_GUARD
USDJPY,LIQUIDITY_SWEEP_REVERSAL,SELL,LONDON_OPEN,2024-12-11 09:00:00+00:00,2024-12-11 09:35:00+00:00,16.159999999999286,GIVEBACK_GUARD
USDJPY,LIQUIDITY_SWEEP_REVERSAL,SELL,LONDON_CLOSE,2024-12-11 15:30:00+00:00,2024-12-13 05:05:00+00:00,-90.88269999999739,SL_HIT
USDJPY,FVG_ENTRY,BUY,LONDON_OPEN,2024-12-13 06:35:00+00:00,2024-12-13 07:10:00+00:00,2.7999999999991587,GIVEBACK_GUARD
USDJPY,FVG_ENTRY,BUY,LONDON_OPEN,2024-12-13 07:15:00+00:00,2024-12-13 07:45:00+00:00,-7.200000000000273,SL_HIT
USDJPY,LIQUIDITY_SWEEP_REVERSAL,BUY,LONDON_OPEN,2024-12-13 09:00:00+00:00,2024-12-13 10:45:00+00:00,26.599999999999113,GIVEBACK_GUARD
USDJPY,FVG_ENTRY,SELL,LONDON_CLOSE,2024-12-13 16:30:00+00:00,2024-12-13 16:35:00+00:00,-6.60000000000025,SL_HIT
USDJPY,FVG_ENTRY,BUY,LONDON_CLOSE,2024-12-16 16:30:00+00:00,2024-12-16 16:45:00+00:00,13.44000000000051,TP_HIT
USDJPY,FVG_ENTRY,BUY,LONDON_CLOSE,2024-12-16 17:00:00+00:00,2024-12-16 17:30:00+00:00,11.659999999999968,GIVEBACK_GUARD
USDJPY,CHOCH,BUY,LONDON_CLOSE,2024-12-17 15:00:00+00:00,2024-12-17 19:00:00+00:00,-53.23520000000315,SL_HIT
USDJPY,FVG_ENTRY,BUY,LONDON_OPEN,2024-12-19 06:00:00+00:00,2024-12-19 06:20:00+00:00,-9.400000000002251,SL_HIT
USDJPY,LIQUIDITY_SWEEP_REVERSAL,BUY,LONDON_CLOSE,2024-12-19 15:30:00+00:00,2024-12-19 16:05:00+00:00,26.099999999999568,GIVEBACK_GUARD
USDJPY,CHOCH,BUY,NY_OPEN,2024-12-31 13:30:00+00:00,2024-12-31 18:55:00+00:00,61.40000000000043,GIVEBACK_GUARD
USDJPY,CHOCH,BUY,NY_OPEN,2025-01-02 13:30:00+00:00,2025-01-02 19:25:00+00:00,51.99999999999818,GIVEBACK_GUARD
USDJPY,CHOCH,BUY,LONDON_CLOSE,2025-01-03 17:00:00+00:00,2025-01-06 02:40:00+00:00,32.69999999999982,GIVEBACK_GUARD
USDJPY,CHOCH,SELL,LONDON_CLOSE,2025-01-06 16:00:00+00:00,2025-01-07 03:05:00+00:00,-148.2906000000014,SL_HIT
USDJPY,CHOCH,SELL,NY_OPEN,2025-01-10 13:30:00+00:00,2025-01-10 15:30:00+00:00,-64.3874000000011,SL_HIT
USDJPY,FVG_ENTRY,BUY,LONDON_CLOSE,2025-01-10 16:30:00+00:00,2025-01-10 16:35:00+00:00,-14.800000000002456,SL_HIT
USDJPY,FVG_ENTRY,SELL,LONDON_OPEN,2025-01-13 07:45:00+00:00,2025-01-13 08:05:00+00:00,1.760000000001014,GIVEBACK_GUARD
USDJPY,LIQUIDITY_SWEEP_REVERSAL,BUY,LONDON_CLOSE,2025-01-13 15:30:00+00:00,2025-01-13 16:55:00+00:00,22.49999999999943,GIVEBACK_GUARD
USDJPY,CHOCH,SELL,LONDON_CLOSE,2025-01-14 16:15:00+00:00,2025-01-15 07:25:00+00:00,43.10000000000116,GIVEBACK_GUARD
USDJPY,LIQUIDITY_SWEEP_REVERSAL,SELL,LONDON_CLOSE,2025-01-16 15:30:00+00:00,2025-01-16 17:25:00+00:00,39.699999999999136,GIVEBACK_GUARD
USDJPY,CHOCH,BUY,LONDON_OPEN,2025-01-20 09:00:00+00:00,2025-01-21 01:15:00+00:00,-84.93959999999845,SL_HIT
USDJPY,LIQUIDITY_SWEEP_REVERSAL,BUY,LONDON_CLOSE,2025-01-21 16:45:00+00:00,2025-01-21 17:40:00+00:00,-23.400000000000887,SL_HIT
USDJPY,CHOCH,BUY,LONDON_OPEN,2025-01-23 06:15:00+00:00,2025-01-23 18:25:00+00:00,-58.354600000001255,SL_HIT
USDJPY,CHOCH,SELL,LONDON_OPEN,2025-01-24 07:00:00+00:00,2025-01-27 12:10:00+00:00,90.90000000000202,GIVEBACK_GUARD
USDJPY,LIQUIDITY_SWEEP_REVERSAL,BUY,NY_OPEN,2025-01-27 13:30:00+00:00,2025-01-27 14:10:00+00:00,16.200000000000614,GIVEBACK_GUARD
USDJPY,LIQUIDITY_SWEEP_REVERSAL,SELL,LONDON_OPEN,2025-01-30 08:30:00+00:00,2025-01-30 08:55:00+00:00,13.220000000000027,GIVEBACK_GUARD
USDJPY,CHOCH,BUY,LONDON_OPEN,2025-01-31 06:00:00+00:00,2025-01-31 07:35:00+00:00,39.09999999999911,GIVEBACK_GUARD
USDJPY,CHOCH,BUY,LONDON_OPEN,2025-01-31 07:35:00+00:00,2025-02-03 02:10:00+00:00,68.90000000000214,GIVEBACK_GUARD
USDJPY,FVG_ENTRY,SELL,LONDON_OPEN,2025-02-05 06:20:00+00:00,2025-02-05 06:30:00+00:00,4.880000000001132,TRAILED_SL
USDJPY,FVG_ENTRY,SELL,LONDON_OPEN,2025-02-06 06:00:00+00:00,2025-02-06 06:15:00+00:00,6.940000000000168,GIVEBACK_GUARD
USDJPY,CHOCH,SELL,LONDON_CLOSE,2025-02-06 15:00:00+00:00,2025-02-06 16:45:00+00:00,34.099999999997976,GIVEBACK_GUARD
USDJPY,LIQUIDITY_SWEEP_REVERSAL,SELL,LONDON_CLOSE,2025-02-07 15:30:00+00:00,2025-02-07 17:05:00+00:00,35.09999999999991,GIVEBACK_GUARD
USDJPY,LIQUIDITY_SWEEP_REVERSAL,BUY,LONDON_CLOSE,2025-02-12 15:30:00+00:00,2025-02-13 17:55:00+00:00,-122.22229999999854,SL_HIT
USDJPY,CHOCH,BUY,LONDON_CLOSE,2025-02-18 16:30:00+00:00,2025-02-18 16:55:00+00:00,3.8999999999987267,GIVEBACK_GUARD
USDJPY,CHOCH,SELL,LONDON_CLOSE,2025-02-24 16:30:00+00:00,2025-02-25 02:50:00+00:00,-69.67320000000257,SL_HIT
USDJPY,CHOCH,BUY,LONDON_OPEN,2025-02-26 06:00:00+00:00,2025-02-27 18:20:00+00:00,59.699999999998,GIVEBACK_GUARD
USDJPY,LIQUIDITY_SWEEP_REVERSAL,SELL,LONDON_CLOSE,2025-03-05 15:15:00+00:00,2025-03-05 16:15:00+00:00,29.800000000000182,GIVEBACK_GUARD
USDJPY,LIQUIDITY_SWEEP_REVERSAL,BUY,LONDON_CLOSE,2025-03-05 17:00:00+00:00,2025-03-06 02:25:00+00:00,27.700000000001523,GIVEBACK_GUARD
USDJPY,LIQUIDITY_SWEEP_REVERSAL,BUY,LONDON_CLOSE,2025-03-06 16:00:00+00:00,2025-03-06 16:25:00+00:00,20.239999999998872,GIVEBACK_GUARD
USDJPY,CHOCH,BUY,LONDON_CLOSE,2025-03-07 15:00:00+00:00,2025-03-07 21:30:00+00:00,38.30000000000098,GIVEBACK_GUARD
USDJPY,CHOCH,BUY,LONDON_OPEN,2025-03-11 06:00:00+00:00,2025-03-11 12:35:00+00:00,41.29999999999825,GIVEBACK_GUARD
USDJPY,LIQUIDITY_SWEEP_REVERSAL,SELL,LONDON_CLOSE,2025-03-11 16:00:00+00:00,2025-03-11 16:40:00+00:00,31.399999999999295,GIVEBACK_GUARD
USDJPY,CHOCH,SELL,LONDON_CLOSE,2025-03-12 16:30:00+00:00,2025-03-13 08:00:00+00:00,58.70000000000175,GIVEBACK_GUARD
USDJPY,LIQUIDITY_SWEEP_REVERSAL,SELL,LONDON_OPEN,2025-03-17 08:15:00+00:00,2025-03-17 08:30:00+00:00,12.620000000000573,GIVEBACK_GUARD
USDJPY,LIQUIDITY_SWEEP_REVERSAL,SELL,LONDON_OPEN,2025-03-18 06:30:00+00:00,2025-03-18 10:05:00+00:00,-32.27249999999913,SL_HIT
USDJPY,FVG_ENTRY,SELL,LONDON_CLOSE,2025-03-18 15:10:00+00:00,2025-03-18 15:20:00+00:00,-8.29999999999984,SL_HIT
USDJPY,LIQUIDITY_SWEEP_REVERSAL,SELL,LONDON_OPEN,2025-03-19 08:45:00+00:00,2025-03-19 09:10:00+00:00,10.900000000000887,GIVEBACK_GUARD
USDJPY,FVG_ENTRY,BUY,LONDON_OPEN,2025-03-21 06:30:00+00:00,2025-03-21 06:55:00+00:00,5.800000000000978,GIVEBACK_GUARD
USDJPY,LIQUIDITY_SWEEP_REVERSAL,SELL,LONDON_OPEN,2025-03-21 09:00:00+00:00,2025-03-21 13:10:00+00:00,27.899999999999636,GIVEBACK_GUARD
USDJPY,FVG_ENTRY,SELL,LONDON_OPEN,2025-03-24 06:15:00+00:00,2025-03-24 06:30:00+00:00,3.300000000001546,GIVEBACK_GUARD
USDJPY,FVG_ENTRY,SELL,LONDON_OPEN,2025-03-24 06:50:00+00:00,2025-03-24 07:00:00+00:00,-9.000000000000341,SL_HIT
USDJPY,FVG_ENTRY,SELL,LONDON_OPEN,2025-03-24 08:50:00+00:00,2025-03-24 09:00:00+00:00,-9.100000000000819,SL_HIT
USDJPY,CHOCH,BUY,LONDON_CLOSE,2025-03-24 15:45:00+00:00,2025-03-25 01:25:00+00:00,53.49999999999966,GIVEBACK_GUARD
USDJPY,FVG_ENTRY,SELL,LONDON_CLOSE,2025-03-25 15:05:00+00:00,2025-03-25 15:25:00+00:00,9.90000000000066,TRAILED_SL
USDJPY,FVG_ENTRY,BUY,LONDON_OPEN,2025-03-26 08:25:00+00:00,2025-03-26 08:50:00+00:00,-6.499999999999773,SL_HIT
USDJPY,CHOCH,BUY,LONDON_OPEN,2025-03-27 08:30:00+00:00,2025-03-27 11:35:00+00:00,46.19999999999891,GIVEBACK_GUARD
USDJPY,FVG_ENTRY,BUY,LONDON_CLOSE,2025-03-27 15:25:00+00:00,2025-03-27 15:30:00+00:00,-8.500000000000796,SL_HIT
USDJPY,FVG_ENTRY,BUY,LONDON_CLOSE,2025-03-27 16:00:00+00:00,2025-03-27 16:20:00+00:00,7.560000000001423,GIVEBACK_GUARD
USDJPY,CHOCH,BUY,LONDON_OPEN,2025-04-01 08:30:00+00:00,2025-04-01 14:25:00+00:00,-58.30420000000345,SL_HIT
USDJPY,FVG_ENTRY,SELL,LONDON_OPEN,2025-04-03 06:55:00+00:00,2025-04-03 07:00:00+00:00,-5.300000000002569,SL_HIT
USDJPY,CHOCH,SELL,LONDON_CLOSE,2025-04-04 15:00:00+00:00,2025-04-04 20:10:00+00:00,-150.80779999999834,SL_HIT
USDJPY,LIQUIDITY_SWEEP_REVERSAL,SELL,LONDON_CLOSE,2025-04-07 16:00:00+00:00,2025-04-07 17:10:00+00:00,-46.09689999999773,SL_HIT
USDJPY,LIQUIDITY_SWEEP_REVERSAL,BUY,LONDON_CLOSE,2025-04-08 16:00:00+00:00,2025-04-08 16:50:00+00:00,36.65899999999965,GIVEBACK_GUARD
USDJPY,LIQUIDITY_SWEEP_REVERSAL,SELL,LONDON_CLOSE,2025-04-11 16:30:00+00:00,2025-04-11 18:25:00+00:00,-82.65499999999975,SL_HIT
USDJPY,CHOCH,BUY,NY_OPEN,2025-04-16 13:30:00+00:00,2025-04-16 22:20:00+00:00,-90.1063999999991,SL_HIT
USDJPY,CHOCH,BUY,LONDON_OPEN,2025-04-17 06:00:00+00:00,2025-04-21 03:10:00+00:00,-121.02019999999811,SL_HIT
USDJPY,FVG_ENTRY,SELL,LONDON_OPEN,2025-04-21 07:20:00+00:00,2025-04-21 07:40:00+00:00,6.400000000001569,TRAILED_SL
USDJPY,CHOCH,BUY,LONDON_CLOSE,2025-04-21 15:00:00+00:00,2025-04-22 03:15:00+00:00,26.499999999998636,GIVEBACK_GUARD
USDJPY,LIQUIDITY_SWEEP_REVERSAL,SELL,LONDON_CLOSE,2025-04-23 16:30:00+00:00,2025-04-23 16:45:00+00:00,-56.535799999997494,SL_HIT
USDJPY,FVG_ENTRY,SELL,LONDON_OPEN,2025-04-24 06:05:00+00:00,2025-04-24 06:30:00+00:00,3.8000000000010914,GIVEBACK_GUARD
USDJPY,FVG_ENTRY,BUY,LONDON_OPEN,2025-04-25 07:35:00+00:00,2025-04-25 07:45:00+00:00,9.199999999998454,GIVEBACK_GUARD
USDJPY,CHOCH,SELL,LONDON_CLOSE,2025-04-29 15:45:00+00:00,2025-04-30 12:30:00+00:00,-73.14920000000029,SL_HIT
USDJPY,FVG_ENTRY,BUY,LONDON_OPEN,2025-05-01 08:45:00+00:00,2025-05-01 08:55:00+00:00,-8.800000000002228,SL_HIT
USDJPY,LIQUIDITY_SWEEP_REVERSAL,SELL,LONDON_CLOSE,2025-05-01 16:45:00+00:00,2025-05-01 17:00:00+00:00,-42.378999999996836,SL_HIT
USDJPY,CHOCH,SELL,LONDON_OPEN,2025-05-02 06:15:00+00:00,2025-05-02 12:00:00+00:00,47.800000000000864,GIVEBACK_GUARD
USDJPY,LIQUIDITY_SWEEP_REVERSAL,SELL,LONDON_CLOSE,2025-05-05 17:00:00+00:00,2025-05-05 19:25:00+00:00,-44.699799999997936,SL_HIT
USDJPY,FVG_ENTRY,SELL,LONDON_CLOSE,2025-05-06 16:55:00+00:00,2025-05-06 17:15:00+00:00,-18.500000000000227,SL_HIT
USDJPY,LIQUIDITY_SWEEP_REVERSAL,BUY,LONDON_CLOSE,2025-05-15 15:30:00+00:00,2025-05-15 15:50:00+00:00,8.899999999999864,GIVEBACK_GUARD
USDJPY,LIQUIDITY_SWEEP_REVERSAL,BUY,LONDON_CLOSE,2025-05-15 16:15:00+00:00,2025-05-15 17:10:00+00:00,-34.35960000000193,SL_HIT
USDJPY,CHOCH,BUY,NY_OPEN,2025-05-16 13:30:00+00:00,2025-05-16 13:45:00+00:00,5.580000000001064,GIVEBACK_GUARD
USDJPY,CHOCH,SELL,LONDON_CLOSE,2025-05-16 17:00:00+00:00,2025-05-16 17:40:00+00:00,-30.836600000000658,SL_HIT
USDJPY,FVG_ENTRY,SELL,LONDON_OPEN,2025-05-22 06:00:00+00:00,2025-05-22 06:10:00+00:00,-6.100000000000705,SL_HIT
USDJPY,CHOCH,BUY,NY_OPEN,2025-05-22 13:30:00+00:00,2025-05-22 20:40:00+00:00,62.60000000000048,GIVEBACK_GUARD
USDJPY,LIQUIDITY_SWEEP_REVERSAL,BUY,LONDON_CLOSE,2025-05-23 15:45:00+00:00,2025-05-23 16:25:00+00:00,15.100000000001046,GIVEBACK_GUARD
USDJPY,FVG_ENTRY,SELL,LONDON_OPEN,2025-05-26 06:15:00+00:00,2025-05-26 06:30:00+00:00,-7.30000000000075,SL_HIT
USDJPY,FVG_ENTRY,SELL,LONDON_OPEN,2025-05-26 07:50:00+00:00,2025-05-26 08:00:00+00:00,-2.1000000000015007,GIVEBACK_GUARD
USDJPY,FVG_ENTRY,SELL,LONDON_OPEN,2025-05-26 09:00:00+00:00,2025-05-26 09:15:00+00:00,-9.000000000000341,SL_HIT
USDJPY,CHOCH,SELL,LONDON_CLOSE,2025-05-26 17:00:00+00:00,2025-05-27 03:15:00+00:00,45.902640000000474,GIVEBACK_GUARD
USDJPY,FVG_ENTRY,SELL,LONDON_OPEN,2025-05-27 06:00:00+00:00,2025-05-27 06:35:00+00:00,6.539999999999964,GIVEBACK_GUARD
USDJPY,CHOCH,BUY,LONDON_OPEN,2025-05-27 06:45:00+00:00,2025-05-27 07:50:00+00:00,32.500000000001705,GIVEBACK_GUARD
USDJPY,CHOCH,BUY,LONDON_OPEN,2025-05-27 07:50:00+00:00,2025-05-27 08:35:00+00:00,47.399999999998954,GIVEBACK_GUARD
USDJPY,CHOCH,BUY,LONDON_OPEN,2025-05-27 08:35:00+00:00,2025-05-27 13:20:00+00:00,70.90000000000032,GIVEBACK_GUARD
USDJPY,CHOCH,SELL,LONDON_CLOSE,2025-05-27 16:45:00+00:00,2025-05-28 03:35:00+00:00,23.30000000000041,GIVEBACK_GUARD
USDJPY,CHOCH,BUY,LONDON_OPEN,2025-05-28 06:00:00+00:00,2025-05-29 02:25:00+00:00,83.9999999999975,GIVEBACK_GUARD
USDJPY,FVG_ENTRY,SELL,LONDON_CLOSE,2025-05-29 16:10:00+00:00,2025-05-29 16:15:00+00:00,-3.0000000000001137,SL_HIT
USDJPY,FVG_ENTRY,SELL,LONDON_CLOSE,2025-05-29 16:40:00+00:00,2025-05-29 16:55:00+00:00,5.360000000000014,GIVEBACK_GUARD
USDJPY,FVG_ENTRY,SELL,NY_OPEN,2025-06-02 13:30:00+00:00,2025-06-02 13:55:00+00:00,3.8400000000001455,TRAILED_SL
USDJPY,CHOCH,SELL,LONDON_OPEN,2025-06-03 09:00:00+00:00,2025-06-03 10:25:00+00:00,39.90000000000009,GIVEBACK_GUARD
USDJPY,LIQUIDITY_SWEEP_REVERSAL,BUY,LONDON_CLOSE,2025-06-05 15:45:00+00:00,2025-06-05 18:20:00+00:00,29.700000000002547,GIVEBACK_GUARD
USDJPY,CHOCH,BUY,LONDON_OPEN,2025-06-06 06:00:00+00:00,2025-06-06 09:35:00+00:00,31.900000000001683,GIVEBACK_GUARD
USDJPY,CHOCH,BUY,LONDON_CLOSE,2025-06-09 15:00:00+00:00,2025-06-10 04:55:00+00:00,49.10000000000139,GIVEBACK_GUARD
USDJPY,CHOCH,SELL,LONDON_CLOSE,2025-06-11 15:30:00+00:00,2025-06-12 03:50:00+00:00,46.80000000000177,GIVEBACK_GUARD
USDJPY,LIQUIDITY_SWEEP_REVERSAL,SELL,LONDON_CLOSE,2025-06-13 16:30:00+00:00,2025-06-13 18:30:00+00:00,19.700000000000273,GIVEBACK_GUARD
USDJPY,FVG_ENTRY,BUY,LONDON_OPEN,2025-06-16 06:00:00+00:00,2025-06-16 06:05:00+00:00,-5.200000000002092,SL_HIT
USDJPY,FVG_ENTRY,SELL,LONDON_CLOSE,2025-06-16 15:10:00+00:00,2025-06-16 15:20:00+00:00,2.7200000000010505,GIVEBACK_GUARD
USDJPY,FVG_ENTRY,SELL,LONDON_OPEN,2025-06-17 08:45:00+00:00,2025-06-17 09:10:00+00:00,-9.799999999998477,SL_HIT
USDJPY,LIQUIDITY_SWEEP_REVERSAL,BUY,LONDON_CLOSE,2025-06-17 15:30:00+00:00,2025-06-17 17:40:00+00:00,34.70000000000084,GIVEBACK_GUARD
USDJPY,CHOCH,SELL,LONDON_CLOSE,2025-06-23 17:00:00+00:00,2025-06-23 17:30:00+00:00,26.720000000000255,TRAILED_SL
USDJPY,FVG_ENTRY,BUY,LONDON_CLOSE,2025-06-25 16:20:00+00:00,2025-06-25 17:00:00+00:00,-10.000000000002274,SL_HIT
USDJPY,CHOCH,BUY,LONDON_OPEN,2025-06-26 08:00:00+00:00,2025-06-26 10:00:00+00:00,-53.711199999997916,SL_HIT
USDJPY,LIQUIDITY_SWEEP_REVERSAL,SELL,LONDON_CLOSE,2025-06-26 15:30:00+00:00,2025-06-27 01:35:00+00:00,-38.64849999999933,SL_HIT
USDJPY,CHOCH,SELL,LONDON_OPEN,2025-06-27 06:00:00+00:00,2025-06-30 08:10:00+00:00,38.400000000001455,GIVEBACK_GUARD
USDJPY,FVG_ENTRY,BUY,LONDON_OPEN,2025-07-01 07:45:00+00:00,2025-07-01 07:55:00+00:00,-3.999999999999204,SL_HIT
USDJPY,LIQUIDITY_SWEEP_REVERSAL,SELL,LONDON_CLOSE,2025-07-01 16:45:00+00:00,2025-07-01 17:05:00+00:00,-36.627999999998906,SL_HIT
USDJPY,CHOCH,SELL,LONDON_CLOSE,2025-07-02 15:15:00+00:00,2025-07-03 15:30:00+00:00,-86.44759999999962,SL_HIT
USDJPY,LIQUIDITY_SWEEP_REVERSAL,BUY,LONDON_CLOSE,2025-07-03 15:30:00+00:00,2025-07-07 18:20:00+00:00,81.19999999999834,GIVEBACK_GUARD
USDJPY,CHOCH,BUY,LONDON_OPEN,2025-07-08 06:00:00+00:00,2025-07-08 14:50:00+00:00,47.99999999999898,GIVEBACK_GUARD
USDJPY,FVG_ENTRY,BUY,LONDON_CLOSE,2025-07-08 15:50:00+00:00,2025-07-08 16:15:00+00:00,7.319999999999709,GIVEBACK_GUARD
USDJPY,FVG_ENTRY,BUY,LONDON_OPEN,2025-07-09 08:30:00+00:00,2025-07-09 08:40:00+00:00,-5.100000000001614,SL_HIT
USDJPY,LIQUIDITY_SWEEP_REVERSAL,BUY,LONDON_CLOSE,2025-07-09 15:15:00+00:00,2025-07-09 16:10:00+00:00,-31.951000000000818,SL_HIT
USDJPY,CHOCH,BUY,LONDON_OPEN,2025-07-10 08:15:00+00:00,2025-07-10 17:30:00+00:00,38.700000000000045,GIVEBACK_GUARD
USDJPY,CHOCH,BUY,LONDON_CLOSE,2025-07-16 16:45:00+00:00,2025-07-16 17:00:00+00:00,-16.0000000000025,SL_HIT
USDJPY,FVG_ENTRY,BUY,LONDON_CLOSE,2025-07-17 15:45:00+00:00,2025-07-17 15:50:00+00:00,-4.699999999999704,SL_HIT
USDJPY,LIQUIDITY_SWEEP_REVERSAL,BUY,LONDON_CLOSE,2025-07-18 17:00:00+00:00,2025-07-18 19:25:00+00:00,24.799999999999045,GIVEBACK_GUARD
USDJPY,FVG_ENTRY,SELL,LONDON_CLOSE,2025-07-21 15:10:00+00:00,2025-07-21 15:25:00+00:00,3.300000000001546,GIVEBACK_GUARD
USDJPY,FVG_ENTRY,SELL,LONDON_CLOSE,2025-07-21 15:45:00+00:00,2025-07-21 16:00:00+00:00,-5.400000000000205,SL_HIT
USDJPY,CHOCH,SELL,LONDON_CLOSE,2025-07-24 17:00:00+00:00,2025-07-24 17:25:00+00:00,-17.500000000001137,SL_HIT
USDJPY,CHOCH,SELL,LONDON_OPEN,2025-07-25 08:45:00+00:00,2025-07-25 11:15:00+00:00,-85.39659999999856,SL_HIT
USDJPY,LIQUIDITY_SWEEP_REVERSAL,BUY,LONDON_CLOSE,2025-07-25 16:15:00+00:00,2025-07-28 05:10:00+00:00,18.10000000000116,GIVEBACK_GUARD
USDJPY,CHOCH,SELL,LONDON_CLOSE,2025-07-28 15:45:00+00:00,2025-07-29 10:35:00+00:00,-69.08679999999947,SL_HIT
USDJPY,CHOCH,SELL,LONDON_CLOSE,2025-08-05 16:15:00+00:00,2025-08-05 18:15:00+00:00,24.70000000000141,GIVEBACK_GUARD
USDJPY,CHOCH,SELL,LONDON_OPEN,2025-08-07 08:45:00+00:00,2025-08-07 09:55:00+00:00,22.02000000000055,GIVEBACK_GUARD
USDJPY,LIQUIDITY_SWEEP_REVERSAL,SELL,LONDON_CLOSE,2025-08-07 17:00:00+00:00,2025-08-07 23:10:00+00:00,18.799999999998818,GIVEBACK_GUARD
USDJPY,CHOCH,BUY,LONDON_OPEN,2025-08-08 06:00:00+00:00,2025-08-08 12:30:00+00:00,39.49999999999818,GIVEBACK_GUARD
USDJPY,FVG_ENTRY,BUY,LONDON_CLOSE,2025-08-08 16:00:00+00:00,2025-08-08 16:05:00+00:00,-7.600000000002183,SL_HIT
USDJPY,CHOCH,SELL,LONDON_CLOSE,2025-08-08 16:30:00+00:00,2025-08-11 00:05:00+00:00,26.000000000001933,GIVEBACK_GUARD
USDJPY,CHOCH,BUY,LONDON_CLOSE,2025-08-11 15:00:00+00:00,2025-08-11 15:50:00+00:00,-9.799999999998477,SL_HIT
USDJPY,CHOCH,SELL,LONDON_CLOSE,2025-08-12 15:45:00+00:00,2025-08-12 18:45:00+00:00,35.3999999999985,GIVEBACK_GUARD
USDJPY,LIQUIDITY_SWEEP_REVERSAL,SELL,LONDON_CLOSE,2025-08-15 15:30:00+00:00,2025-08-18 03:05:00+00:00,-55.826599999997484,SL_HIT
USDJPY,CHOCH,SELL,LONDON_CLOSE,2025-08-19 17:00:00+00:00,2025-08-20 09:20:00+00:00,43.50000000000023,GIVEBACK_GUARD
USDJPY,FVG_ENTRY,BUY,LONDON_OPEN,2025-08-25 06:00:00+00:00,2025-08-25 07:25:00+00:00,-8.40000000000316,SL_HIT
USDJPY,CHOCH,SELL,NY_OPEN,2025-08-26 13:30:00+00:00,2025-08-26 19:25:00+00:00,44.899999999998386,GIVEBACK_GUARD
USDJPY,CHOCH,SELL,LONDON_CLOSE,2025-08-27 17:00:00+00:00,2025-08-27 18:25:00+00:00,26.500000000001478,GIVEBACK_GUARD
USDJPY,CHOCH,SELL,LONDON_OPEN,2025-09-01 06:20:00+00:00,2025-09-01 06:30:00+00:00,-6.800000000001205,SL_HIT
USDJPY,CHOCH,SELL,LONDON_OPEN,2025-09-01 06:50:00+00:00,2025-09-02 05:05:00+00:00,-78.17320000000336,SL_HIT
USDJPY,FVG_ENTRY,BUY,LONDON_OPEN,2025-09-02 06:00:00+00:00,2025-09-02 06:35:00+00:00,6.880000000001019,TP_HIT
USDJPY,CHOCH,SELL,LONDON_CLOSE,2025-09-02 16:30:00+00:00,2025-09-02 17:25:00+00:00,32.399999999998386,GIVEBACK_GUARD
USDJPY,CHOCH,SELL,LONDON_OPEN,2025-09-03 09:00:00+00:00,2025-09-03 17:05:00+00:00,40.29999999999916,GIVEBACK_GUARD
USDJPY,CHOCH,BUY,LONDON_OPEN,2025-09-04 08:00:00+00:00,2025-09-04 18:20:00+00:00,47.500000000002274,GIVEBACK_GUARD
USDJPY,CHOCH,SELL,LONDON_OPEN,2025-09-10 06:30:00+00:00,2025-09-11 12:00:00+00:00,-54.812200000000644,SL_HIT
USDJPY,LIQUIDITY_SWEEP_REVERSAL,SELL,LONDON_CLOSE,2025-09-11 15:30:00+00:00,2025-09-11 17:20:00+00:00,49.49999999999761,GIVEBACK_GUARD
USDJPY,CHOCH,SELL,LONDON_OPEN,2025-09-16 06:00:00+00:00,2025-09-16 09:35:00+00:00,33.799999999999386,GIVEBACK_GUARD
USDJPY,CHOCH,BUY,NY_OPEN,2025-09-16 13:30:00+00:00,2025-09-16 19:40:00+00:00,-65.23599999999874,SL_HIT
USDJPY,FVG_ENTRY,SELL,LONDON_OPEN,2025-09-19 08:00:00+00:00,2025-09-19 08:40:00+00:00,-10.699999999999932,SL_HIT
USDJPY,FVG_ENTRY,BUY,LONDON_CLOSE,2025-09-19 16:10:00+00:00,2025-09-19 16:15:00+00:00,-8.00000000000125,SL_HIT
USDJPY,LIQUIDITY_SWEEP_REVERSAL,SELL,LONDON_CLOSE,2025-09-22 16:00:00+00:00,2025-09-23 04:50:00+00:00,17.900000000000205,GIVEBACK_GUARD
USDJPY,CHOCH,BUY,LONDON_OPEN,2025-09-23 06:45:00+00:00,2025-09-24 09:20:00+00:00,23.699999999999477,GIVEBACK_GUARD
USDJPY,FVG_ENTRY,BUY,LONDON_CLOSE,2025-09-29 16:25:00+00:00,2025-09-29 16:35:00+00:00,-7.900000000000773,SL_HIT
USDJPY,FVG_ENTRY,SELL,LONDON_CLOSE,2025-10-01 15:25:00+00:00,2025-10-01 15:35:00+00:00,13.799999999999955,GIVEBACK_GUARD
USDJPY,LIQUIDITY_SWEEP_REVERSAL,BUY,LONDON_CLOSE,2025-10-03 17:00:00+00:00,2025-10-06 00:00:00+00:00,91.04912000000184,TP_HIT
USDJPY,FVG_ENTRY,BUY,LONDON_OPEN,2025-10-06 08:50:00+00:00,2025-10-06 09:00:00+00:00,5.279999999999632,TRAILED_SL
USDJPY,CHOCH,SELL,LONDON_CLOSE,2025-10-06 15:45:00+00:00,2025-10-06 16:05:00+00:00,7.299999999997908,GIVEBACK_GUARD
USDJPY,LIQUIDITY_SWEEP_REVERSAL,BUY,LONDON_OPEN,2025-10-08 09:00:00+00:00,2025-10-08 12:10:00+00:00,33.13440000000014,GIVEBACK_GUARD
USDJPY,LIQUIDITY_SWEEP_REVERSAL,BUY,LONDON_CLOSE,2025-10-08 16:15:00+00:00,2025-10-08 18:40:00+00:00,13.900000000001,GIVEBACK_GUARD
USDJPY,FVG_ENTRY,SELL,LONDON_OPEN,2025-10-13 08:25:00+00:00,2025-10-13 08:35:00+00:00,2.0999999999986585,GIVEBACK_GUARD
USDJPY,LIQUIDITY_SWEEP_REVERSAL,BUY,LONDON_OPEN,2025-10-14 09:00:00+00:00,2025-10-14 11:15:00+00:00,19.900000000001228,GIVEBACK_GUARD
USDJPY,LIQUIDITY_SWEEP_REVERSAL,SELL,LONDON_CLOSE,2025-10-14 16:00:00+00:00,2025-10-14 18:20:00+00:00,11.199999999999477,GIVEBACK_GUARD
USDJPY,CHOCH,SELL,LONDON_OPEN,2025-10-20 08:15:00+00:00,2025-10-21 08:50:00+00:00,-96.6384000000005,SL_HIT
USDJPY,FVG_ENTRY,BUY,LONDON_OPEN,2025-10-22 07:50:00+00:00,2025-10-22 09:00:00+00:00,8.850000000000477,TRAILED_SL
USDJPY,FVG_ENTRY,BUY,LONDON_OPEN,2025-10-23 07:10:00+00:00,2025-10-23 07:15:00+00:00,-4.800000000003024,SL_HIT
USDJPY,FVG_ENTRY,BUY,LONDON_CLOSE,2025-10-23 17:00:00+00:00,2025-10-23 17:05:00+00:00,-6.000000000000227,SL_HIT
USDJPY,FVG_ENTRY,BUY,LONDON_OPEN,2025-10-24 06:45:00+00:00,2025-10-24 06:50:00+00:00,-3.6000000000001364,SL_HIT
USDJPY,LIQUIDITY_SWEEP_REVERSAL,SELL,LONDON_CLOSE,2025-10-24 16:45:00+00:00,2025-10-27 01:15:00+00:00,-34.900899999999524,SL_HIT
USDJPY,CHOCH,BUY,LONDON_CLOSE,2025-10-27 15:30:00+00:00,2025-10-28 05:50:00+00:00,-90.51100000000076,SL_HIT
USDJPY,CHOCH,SELL,LONDON_OPEN,2025-10-30 06:15:00+00:00,2025-10-30 08:40:00+00:00,-83.82500000000164,SL_HIT
USDJPY,CHOCH,BUY,LONDON_OPEN,2025-10-31 07:15:00+00:00,2025-10-31 07:25:00+00:00,-0.5000000000023874,GIVEBACK_GUARD
USDJPY,CHOCH,SELL,LONDON_OPEN,2025-11-03 06:00:00+00:00,2025-11-04 07:55:00+00:00,26.800000000000068,GIVEBACK_GUARD
USDJPY,CHOCH,BUY,LONDON_OPEN,2025-11-05 08:15:00+00:00,2025-11-05 17:10:00+00:00,55.699999999998795,GIVEBACK_GUARD
USDJPY,FVG_ENTRY,SELL,LONDON_CLOSE,2025-11-06 15:40:00+00:00,2025-11-06 15:50:00+00:00,5.360000000000582,TRAILED_SL
USDJPY,FVG_ENTRY,SELL,LONDON_CLOSE,2025-11-06 16:10:00+00:00,2025-11-06 16:20:00+00:00,2.3999999999995225,TRAILED_SL
USDJPY,FVG_ENTRY,SELL,LONDON_CLOSE,2025-11-07 16:55:00+00:00,2025-11-07 17:05:00+00:00,14.879999999998859,TP_HIT
USDJPY,CHOCH,SELL,LONDON_CLOSE,2025-11-10 15:15:00+00:00,2025-11-11 15:35:00+00:00,30.400000000000205,GIVEBACK_GUARD
USDJPY,FVG_ENTRY,SELL,LONDON_CLOSE,2025-11-11 16:15:00+00:00,2025-11-11 16:30:00+00:00,4.880000000001132,TRAILED_SL
USDJPY,CHOCH,SELL,LONDON_CLOSE,2025-11-14 15:00:00+00:00,2025-11-17 17:00:00+00:00,-121.0505999999981,SL_HIT
USDJPY,FVG_ENTRY,SELL,LONDON_OPEN,2025-11-18 06:35:00+00:00,2025-11-18 06:50:00+00:00,-5.799999999999272,SL_HIT
USDJPY,FVG_ENTRY,SELL,LONDON_OPEN,2025-11-18 08:40:00+00:00,2025-11-18 08:50:00+00:00,-8.899999999999864,SL_HIT
USDJPY,FVG_ENTRY,SELL,LONDON_OPEN,2025-11-19 06:20:00+00:00,2025-11-19 07:00:00+00:00,9.320000000000732,GIVEBACK_GUARD
USDJPY,LIQUIDITY_SWEEP_REVERSAL,SELL,LONDON_CLOSE,2025-11-20 15:30:00+00:00,2025-11-21 02:50:00+00:00,11.599999999998545,GIVEBACK_GUARD
USDJPY,FVG_ENTRY,BUY,LONDON_CLOSE,2025-11-24 15:15:00+00:00,2025-11-24 15:35:00+00:00,-4.500000000001592,SL_HIT
USDJPY,CHOCH,BUY,LONDON_OPEN,2025-11-25 07:00:00+00:00,2025-11-25 11:35:00+00:00,-59.00859999999852,SL_HIT
USDJPY,FVG_ENTRY,SELL,LONDON_CLOSE,2025-11-25 15:30:00+00:00,2025-11-25 15:45:00+00:00,10.499999999999545,TRAILED_SL
USDJPY,FVG_ENTRY,BUY,NY_OPEN,2025-11-27 13:30:00+00:00,2025-11-27 13:50:00+00:00,5.740000000000691,GIVEBACK_GUARD
USDJPY,CHOCH,BUY,LONDON_OPEN,2025-11-28 07:15:00+00:00,2025-12-01 02:00:00+00:00,-51.816400000001295,SL_HIT
USDJPY,FVG_ENTRY,SELL,LONDON_CLOSE,2025-12-04 16:35:00+00:00,2025-12-04 16:40:00+00:00,-7.00000000000216,SL_HIT
USDJPY,CHOCH,BUY,LONDON_OPEN,2025-12-08 06:45:00+00:00,2025-12-08 09:50:00+00:00,23.799999999999955,GIVEBACK_GUARD
USDJPY,LIQUIDITY_SWEEP_REVERSAL,SELL,LONDON_OPEN,2025-12-09 07:15:00+00:00,2025-12-09 10:00:00+00:00,-32.80359999999689,SL_HIT
USDJPY,FVG_ENTRY,BUY,LONDON_CLOSE,2025-12-12 16:05:00+00:00,2025-12-12 16:15:00+00:00,4.800000000000182,TRAILED_SL
USDJPY,LIQUIDITY_SWEEP_REVERSAL,BUY,LONDON_CLOSE,2025-12-16 15:30:00+00:00,2025-12-17 07:50:00+00:00,25.900000000001455,GIVEBACK_GUARD
USDJPY,CHOCH,SELL,LONDON_CLOSE,2025-12-17 15:45:00+00:00,2025-12-18 09:40:00+00:00,-51.125200000001314,SL_HIT
USDJPY,CHOCH,SELL,LONDON_CLOSE,2025-12-18 15:00:00+00:00,2025-12-18 15:20:00+00:00,7.119999999999891,TRAILED_SL
USDJPY,LIQUIDITY_SWEEP_REVERSAL,BUY,LONDON_CLOSE,2025-12-18 16:45:00+00:00,2025-12-18 19:55:00+00:00,14.900000000000091,GIVEBACK_GUARD
USDJPY,LIQUIDITY_SWEEP_REVERSAL,BUY,LONDON_CLOSE,2025-12-19 16:15:00+00:00,2025-12-19 17:00:00+00:00,19.700000000000273,GIVEBACK_GUARD
USDJPY,CHOCH,SELL,LONDON_CLOSE,2025-12-24 16:45:00+00:00,2025-12-26 09:45:00+00:00,-63.31179999999961,SL_HIT
USDJPY,CHOCH,SELL,LONDON_CLOSE,2025-12-26 15:00:00+00:00,2025-12-29 02:10:00+00:00,24.399999999999977,GIVEBACK_GUARD
USDJPY,CHOCH,BUY,LONDON_OPEN,2025-12-29 06:00:00+00:00,2025-12-30 12:40:00+00:00,-66.40900000000158,SL_HIT
USDJPY,CHOCH,BUY,NY_OPEN,2026-01-06 13:30:00+00:00,2026-01-06 18:50:00+00:00,28.299999999998704,GIVEBACK_GUARD
USDJPY,CHOCH,SELL,LONDON_OPEN,2026-01-07 06:00:00+00:00,2026-01-09 03:20:00+00:00,-57.45939999999905,SL_HIT
USDJPY,LIQUIDITY_SWEEP_REVERSAL,SELL,LONDON_CLOSE,2026-01-09 15:30:00+00:00,2026-01-09 16:10:00+00:00,-36.60000000000139,SL_HIT
USDJPY,CHOCH,BUY,LONDON_OPEN,2026-01-12 06:45:00+00:00,2026-01-13 05:10:00+00:00,56.19999999999834,GIVEBACK_GUARD
USDJPY,CHOCH,BUY,LONDON_CLOSE,2026-01-13 15:45:00+00:00,2026-01-13 18:20:00+00:00,27.599999999998204,GIVEBACK_GUARD
USDJPY,FVG_ENTRY,BUY,LONDON_CLOSE,2026-01-15 17:00:00+00:00,2026-01-15 17:15:00+00:00,4.0600000000006276,GIVEBACK_GUARD
USDJPY,FVG_ENTRY,SELL,LONDON_OPEN,2026-01-16 06:10:00+00:00,2026-01-16 08:00:00+00:00,-16.30000000000109,SL_HIT
USDJPY,CHOCH,BUY,LONDON_OPEN,2026-01-19 06:00:00+00:00,2026-01-20 08:30:00+00:00,52.800000000002,GIVEBACK_GUARD
USDJPY,LIQUIDITY_SWEEP_REVERSAL,BUY,LONDON_CLOSE,2026-01-20 15:30:00+00:00,2026-01-20 21:15:00+00:00,24.70000000000141,GIVEBACK_GUARD
USDJPY,CHOCH,BUY,LONDON_CLOSE,2026-01-26 15:00:00+00:00,2026-01-26 15:50:00+00:00,-13.299999999998136,SL_HIT
USDJPY,LIQUIDITY_SWEEP_REVERSAL,BUY,LONDON_CLOSE,2026-01-27 16:30:00+00:00,2026-01-27 19:40:00+00:00,-40.59169999999881,SL_HIT
USDJPY,FVG_ENTRY,BUY,LONDON_OPEN,2026-01-30 07:45:00+00:00,2026-01-30 07:55:00+00:00,-6.30000000000166,SL_HIT
USDJPY,LIQUIDITY_SWEEP_REVERSAL,BUY,LONDON_OPEN,2026-02-02 09:00:00+00:00,2026-02-02 15:45:00+00:00,41.553840000000264,GIVEBACK_GUARD
USDJPY,FVG_ENTRY,BUY,LONDON_CLOSE,2026-02-03 16:30:00+00:00,2026-02-03 16:40:00+00:00,0.0,GIVEBACK_GUARD
USDJPY,FVG_ENTRY,BUY,LONDON_OPEN,2026-02-04 06:15:00+00:00,2026-02-04 06:20:00+00:00,-3.8000000000010914,SL_HIT
USDJPY,CHOCH,BUY,LONDON_OPEN,2026-02-05 07:45:00+00:00,2026-02-05 12:00:00+00:00,33.399999999997476,GIVEBACK_GUARD
USDJPY,LIQUIDITY_SWEEP_REVERSAL,BUY,LONDON_OPEN,2026-02-09 08:45:00+00:00,2026-02-09 10:20:00+00:00,18.10000000000116,GIVEBACK_GUARD
USDJPY,CHOCH,SELL,LONDON_OPEN,2026-02-10 06:00:00+00:00,2026-02-10 16:25:00+00:00,86.40000000000043,GIVEBACK_GUARD
USDJPY,LIQUIDITY_SWEEP_REVERSAL,SELL,LONDON_CLOSE,2026-02-11 15:15:00+00:00,2026-02-11 15:30:00+00:00,-33.86679999999842,SL_HIT
USDJPY,CHOCH,BUY,LONDON_OPEN,2026-02-12 07:30:00+00:00,2026-02-17 17:35:00+00:00,67.40000000000066,GIVEBACK_GUARD
USDJPY,FVG_ENTRY,BUY,LONDON_OPEN,2026-02-20 08:55:00+00:00,2026-02-20 09:05:00+00:00,4.320000000000732,TRAILED_SL
USDJPY,LIQUIDITY_SWEEP_REVERSAL,BUY,LONDON_CLOSE,2026-02-20 15:30:00+00:00,2026-02-20 16:05:00+00:00,19.499999999999318,GIVEBACK_GUARD
USDJPY,CHOCH,BUY,LONDON_OPEN,2026-02-23 06:00:00+00:00,2026-02-23 10:05:00+00:00,32.099999999999795,GIVEBACK_GUARD
USDJPY,CHOCH,SELL,LONDON_CLOSE,2026-02-23 16:15:00+00:00,2026-02-23 17:15:00+00:00,33.19999999999936,GIVEBACK_GUARD
USDJPY,CHOCH,BUY,LONDON_OPEN,2026-02-25 06:45:00+00:00,2026-02-25 10:40:00+00:00,40.100000000001046,GIVEBACK_GUARD
USDJPY,CHOCH,SELL,LONDON_CLOSE,2026-02-25 16:15:00+00:00,2026-02-25 17:55:00+00:00,25.0,GIVEBACK_GUARD
USDJPY,CHOCH,BUY,LONDON_OPEN,2026-02-26 08:15:00+00:00,2026-02-26 19:40:00+00:00,26.599999999999113,GIVEBACK_GUARD
GBPUSD,FVG_ENTRY,SELL,LONDON_OPEN,2024-11-08 08:25:00+00:00,2024-11-08 09:10:00+00:00,-5.9000000000009045,SL_HIT
GBPUSD,CHOCH,SELL,LONDON_CLOSE,2024-11-08 16:15:00+00:00,2024-11-08 19:25:00+00:00,51.000000000001044,GIVEBACK_GUARD
GBPUSD,FVG_ENTRY,SELL,LONDON_OPEN,2024-11-12 08:50:00+00:00,2024-11-12 09:00:00+00:00,-3.6999999999998145,SL_HIT
GBPUSD,CHOCH,SELL,LONDON_CLOSE,2024-11-12 15:45:00+00:00,2024-11-12 16:35:00+00:00,16.80000000000126,GIVEBACK_GUARD
GBPUSD,CHOCH,SELL,LONDON_CLOSE,2024-11-12 16:35:00+00:00,2024-11-12 18:10:00+00:00,33.39999999999898,GIVEBACK_GUARD
GBPUSD,CHOCH,SELL,LONDON_OPEN,2024-11-13 07:00:00+00:00,2024-11-13 17:10:00+00:00,39.184319999999936,GIVEBACK_GUARD
GBPUSD,FVG_ENTRY,SELL,LONDON_CLOSE,2024-11-14 15:45:00+00:00,2024-11-14 16:00:00+00:00,4.2800000000000615,GIVEBACK_GUARD
GBPUSD,CHOCH,BUY,LONDON_CLOSE,2024-11-15 15:00:00+00:00,2024-11-15 17:20:00+00:00,-58.395400000001985,SL_HIT
GBPUSD,LIQUIDITY_SWEEP_REVERSAL,SELL,LONDON_CLOSE,2024-11-19 16:45:00+00:00,2024-11-19 17:10:00+00:00,10.540000000000216,GIVEBACK_GUARD
GBPUSD,LIQUIDITY_SWEEP_REVERSAL,BUY,LONDON_OPEN,2024-11-20 09:00:00+00:00,2024-11-20 11:30:00+00:00,-35.70000000000073,SL_HIT
GBPUSD,CHOCH,SELL,LONDON_OPEN,2024-11-21 07:50:00+00:00,2024-11-21 08:15:00+00:00,-5.199999999998539,SL_HIT
GBPUSD,CHOCH,BUY,LONDON_CLOSE,2024-11-21 17:00:00+00:00,2024-11-21 18:15:00+00:00,-41.95779999999871,SL_HIT
GBPUSD,CHOCH,SELL,LONDON_OPEN,2024-11-25 07:15:00+00:00,2024-11-25 10:25:00+00:00,33.70000000000095,GIVEBACK_GUARD
GBPUSD,CHOCH,BUY,LONDON_OPEN,2024-11-26 06:45:00+00:00,2024-11-26 12:55:00+00:00,37.10000000000102,GIVEBACK_GUARD
GBPUSD,CHOCH,BUY,LONDON_OPEN,2024-11-27 07:15:00+00:00,2024-11-27 09:25:00+00:00,17.400000000000748,GIVEBACK_GUARD
GBPUSD,FVG_ENTRY,BUY,LONDON_CLOSE,2024-11-27 16:05:00+00:00,2024-11-27 16:35:00+00:00,-9.300000000000974,SL_HIT
GBPUSD,CHOCH,BUY,NY_OPEN,2024-11-28 13:30:00+00:00,2024-11-29 01:35:00+00:00,22.900000000001253,GIVEBACK_GUARD
GBPUSD,CHOCH,BUY,LONDON_CLOSE,2024-11-29 17:00:00+00:00,2024-11-29 20:05:00+00:00,32.90000000000015,GIVEBACK_GUARD
GBPUSD,CHOCH,SELL,LONDON_CLOSE,2024-12-02 15:30:00+00:00,2024-12-02 17:05:00+00:00,43.09999999999814,GIVEBACK_GUARD
GBPUSD,CHOCH,BUY,LONDON_OPEN,2024-12-04 06:45:00+00:00,2024-12-04 18:05:00+00:00,27.200000000000557,GIVEBACK_GUARD
GBPUSD,CHOCH,SELL,LONDON_CLOSE,2024-12-06 16:30:00+00:00,2024-12-06 19:25:00+00:00,36.599999999999966,GIVEBACK_GUARD
GBPUSD,CHOCH,SELL,LONDON_CLOSE,2024-12-09 16:30:00+00:00,2024-12-09 22:30:00+00:00,24.100000000000232,GIVEBACK_GUARD
GBPUSD,CHOCH,BUY,LONDON_OPEN,2024-12-10 06:00:00+00:00,2024-12-10 20:55:00+00:00,17.499999999999183,GIVEBACK_GUARD
GBPUSD,LIQUIDITY_SWEEP_REVERSAL,BUY,LONDON_CLOSE,2024-12-12 15:30:00+00:00,2024-12-12 16:20:00+00:00,-30.118699999999166,SL_HIT
GBPUSD,CHOCH,BUY,LONDON_OPEN,2024-12-18 08:50:00+00:00,2024-12-18 09:00:00+00:00,-6.099999999999994,SL_HIT
GBPUSD,CHOCH,BUY,NY_OPEN,2024-12-18 13:30:00+00:00,2024-12-18 21:00:00+00:00,-59.55719999999997,SL_HIT
GBPUSD,FVG_ENTRY,SELL,LONDON_CLOSE,2024-12-23 16:20:00+00:00,2024-12-23 16:35:00+00:00,4.260000000000375,GIVEBACK_GUARD
GBPUSD,CHOCH,BUY,LONDON_OPEN,2024-12-26 08:00:00+00:00,2024-12-26 16:50:00+00:00,-40.156599999998654,SL_HIT
GBPUSD,CHOCH,BUY,NY_OPEN,2024-12-27 13:30:00+00:00,2024-12-27 17:50:00+00:00,27.199999999998337,GIVEBACK_GUARD
GBPUSD,CHOCH,BUY,LONDON_CLOSE,2024-12-30 15:00:00+00:00,2024-12-30 17:25:00+00:00,-52.220800000000175,SL_HIT
GBPUSD,CHOCH,SELL,NY_OPEN,2024-12-31 13:30:00+00:00,2024-12-31 14:15:00+00:00,-10.799999999999699,SL_HIT
GBPUSD,FVG_ENTRY,SELL,LONDON_CLOSE,2025-01-02 15:20:00+00:00,2025-01-02 15:30:00+00:00,-0.40000000000040004,GIVEBACK_GUARD
GBPUSD,FVG_ENTRY,SELL,LONDON_CLOSE,2025-01-02 16:10:00+00:00,2025-01-02 16:45:00+00:00,9.11999999999935,TRAILED_SL
GBPUSD,CHOCH,SELL,NY_OPEN,2025-01-07 13:30:00+00:00,2025-01-07 17:10:00+00:00,47.099999999999916,GIVEBACK_GUARD
GBPUSD,CHOCH,SELL,LONDON_OPEN,2025-01-08 09:00:00+00:00,2025-01-08 09:50:00+00:00,14.300000000000423,GIVEBACK_GUARD
GBPUSD,CHOCH,SELL,LONDON_CLOSE,2025-01-10 15:30:00+00:00,2025-01-13 05:25:00+00:00,68.29999999999892,GIVEBACK_GUARD
GBPUSD,FVG_ENTRY,SELL,LONDON_OPEN,2025-01-13 06:05:00+00:00,2025-01-13 06:15:00+00:00,6.800000000000139,GIVEBACK_GUARD
GBPUSD,FVG_ENTRY,SELL,LONDON_OPEN,2025-01-13 06:45:00+00:00,2025-01-13 06:55:00+00:00,-2.6999999999999247,GIVEBACK_GUARD
GBPUSD,CHOCH,BUY,LONDON_CLOSE,2025-01-13 16:15:00+00:00,2025-01-13 20:00:00+00:00,28.999999999999027,GIVEBACK_GUARD
GBPUSD,CHOCH,SELL,NY_OPEN,2025-01-14 13:30:00+00:00,2025-01-15 15:30:00+00:00,-88.98960000000011,SL_HIT
GBPUSD,CHOCH,SELL,LONDON_OPEN,2025-01-16 06:00:00+00:00,2025-01-16 09:10:00+00:00,12.399999999999078,GIVEBACK_GUARD
GBPUSD,CHOCH,BUY,LONDON_CLOSE,2025-01-21 16:10:00+00:00,2025-01-21 17:25:00+00:00,9.500000000000064,GIVEBACK_GUARD
GBPUSD,CHOCH,BUY,NY_OPEN,2025-01-23 13:30:00+00:00,2025-01-23 18:35:00+00:00,19.700000000000273,GIVEBACK_GUARD
GBPUSD,CHOCH,BUY,NY_OPEN,2025-01-27 13:30:00+00:00,2025-01-29 15:15:00+00:00,-100.44960000000103,SL_HIT
GBPUSD,CHOCH,BUY,LONDON_CLOSE,2025-01-30 15:45:00+00:00,2025-01-31 16:10:00+00:00,-67.94659999999952,SL_HIT
GBPUSD,FVG_ENTRY,SELL,LONDON_OPEN,2025-02-03 07:00:00+00:00,2025-02-03 07:15:00+00:00,-6.599999999998829,SL_HIT
GBPUSD,FVG_ENTRY,SELL,LONDON_OPEN,2025-02-04 07:25:00+00:00,2025-02-04 07:35:00+00:00,-4.899999999998794,SL_HIT
GBPUSD,FVG_ENTRY,SELL,LONDON_OPEN,2025-02-04 08:45:00+00:00,2025-02-04 08:50:00+00:00,-5.299999999999194,SL_HIT
GBPUSD,CHOCH,BUY,LONDON_OPEN,2025-02-05 09:00:00+00:00,2025-02-05 10:55:00+00:00,19.899999999999363,GIVEBACK_GUARD
GBPUSD,FVG_ENTRY,SELL,LONDON_OPEN,2025-02-06 08:55:00+00:00,2025-02-06 09:20:00+00:00,6.120000000000125,GIVEBACK_GUARD
GBPUSD,FVG_ENTRY,SELL,LONDON_CLOSE,2025-02-06 15:25:00+00:00,2025-02-06 18:05:00+00:00,-35.99999999999825,SL_HIT
GBPUSD,LIQUIDITY_SWEEP_REVERSAL,SELL,LONDON_CLOSE,2025-02-07 15:30:00+00:00,2025-02-07 18:05:00+00:00,25.699999999999612,GIVEBACK_GUARD
GBPUSD,CHOCH,SELL,LONDON_CLOSE,2025-02-10 15:00:00+00:00,2025-02-10 22:30:00+00:00,27.099999999999902,GIVEBACK_GUARD
GBPUSD,FVG_ENTRY,SELL,LONDON_CLOSE,2025-02-13 16:40:00+00:00,2025-02-13 16:45:00+00:00,-5.399999999999849,SL_HIT
GBPUSD,CHOCH,SELL,LONDON_OPEN,2025-02-14 06:30:00+00:00,2025-02-14 15:15:00+00:00,-40.14179999999978,SL_HIT
GBPUSD,CHOCH,SELL,LONDON_CLOSE,2025-02-17 16:15:00+00:00,2025-02-17 19:50:00+00:00,-34.498999999998944,SL_HIT
GBPUSD,CHOCH,BUY,LONDON_OPEN,2025-02-18 09:00:00+00:00,2025-02-18 12:30:00+00:00,-21.200000000001218,SL_HIT
GBPUSD,CHOCH,SELL,NY_OPEN,2025-02-18 13:30:00+00:00,2025-02-19 18:25:00+00:00,28.400000000001757,GIVEBACK_GUARD
GBPUSD,FVG_ENTRY,SELL,LONDON_CLOSE,2025-02-20 15:05:00+00:00,2025-02-20 15:15:00+00:00,-6.200000000000649,SL_HIT
GBPUSD,FVG_ENTRY,SELL,LONDON_CLOSE,2025-02-21 15:30:00+00:00,2025-02-21 16:25:00+00:00,-0.059999999999504894,GIVEBACK_GUARD
GBPUSD,CHOCH,SELL,LONDON_OPEN,2025-02-26 06:00:00+00:00,2025-02-26 06:20:00+00:00,0.10000000000065512,GIVEBACK_GUARD
GBPUSD,FVG_ENTRY,SELL,LONDON_OPEN,2025-02-28 08:40:00+00:00,2025-02-28 08:50:00+00:00,0.8999999999992347,GIVEBACK_GUARD
GBPUSD,FVG_ENTRY,BUY,LONDON_CLOSE,2025-02-28 16:00:00+00:00,2025-02-28 16:20:00+00:00,5.839999999999623,GIVEBACK_GUARD
GBPUSD,FVG_ENTRY,BUY,LONDON_CLOSE,2025-02-28 16:40:00+00:00,2025-02-28 16:45:00+00:00,-5.299999999999194,SL_HIT
GBPUSD,CHOCH,SELL,LONDON_CLOSE,2025-03-04 16:30:00+00:00,2025-03-04 17:10:00+00:00,-9.499999999997844,SL_HIT
GBPUSD,FVG_ENTRY,SELL,LONDON_CLOSE,2025-03-05 16:00:00+00:00,2025-03-05 16:05:00+00:00,-6.999999999999229,SL_HIT
GBPUSD,LIQUIDITY_SWEEP_REVERSAL,BUY,LONDON_CLOSE,2025-03-07 15:30:00+00:00,2025-03-07 19:15:00+00:00,-33.199999999999896,SL_HIT
GBPUSD,FVG_ENTRY,BUY,LONDON_CLOSE,2025-03-10 15:30:00+00:00,2025-03-10 15:40:00+00:00,3.5600000000002296,GIVEBACK_GUARD
GBPUSD,CHOCH,SELL,LONDON_CLOSE,2025-03-11 16:00:00+00:00,2025-03-11 16:05:00+00:00,-9.899999999998244,SL_HIT
GBPUSD,CHOCH,SELL,LONDON_CLOSE,2025-03-11 16:30:00+00:00,2025-03-12 14:30:00+00:00,-54.0012000000023,SL_HIT
GBPUSD,CHOCH,SELL,LONDON_OPEN,2025-03-13 06:45:00+00:00,2025-03-13 09:40:00+00:00,15.700000000000713,GIVEBACK_GUARD
GBPUSD,CHOCH,SELL,LONDON_OPEN,2025-03-17 08:15:00+00:00,2025-03-17 08:35:00+00:00,-4.699999999999704,SL_HIT
GBPUSD,CHOCH,SELL,LONDON_OPEN,2025-03-24 07:00:00+00:00,2025-03-24 07:35:00+00:00,-7.099999999999884,SL_HIT
GBPUSD,CHOCH,SELL,LONDON_OPEN,2025-03-24 07:35:00+00:00,2025-03-24 11:50:00+00:00,-41.36820000000041,SL_HIT
GBPUSD,LIQUIDITY_SWEEP_REVERSAL,BUY,LONDON_CLOSE,2025-03-24 16:00:00+00:00,2025-03-24 16:20:00+00:00,15.679999999999694,GIVEBACK_GUARD
GBPUSD,CHOCH,SELL,LONDON_CLOSE,2025-03-24 16:45:00+00:00,2025-03-26 10:45:00+00:00,34.10000000000135,GIVEBACK_GUARD
GBPUSD,FVG_ENTRY,BUY,LONDON_OPEN,2025-03-27 07:50:00+00:00,2025-03-27 07:55:00+00:00,-2.4000000000001798,SL_HIT
GBPUSD,LIQUIDITY_SWEEP_REVERSAL,BUY,LONDON_CLOSE,2025-04-01 17:00:00+00:00,2025-04-01 17:20:00+00:00,12.56000000000057,TRAILED_SL
GBPUSD,CHOCH,BUY,NY_OPEN,2025-04-02 13:30:00+00:00,2025-04-02 18:10:00+00:00,29.400000000001647,GIVEBACK_GUARD
GBPUSD,FVG_ENTRY,BUY,LONDON_OPEN,2025-04-03 06:05:00+00:00,2025-04-03 06:20:00+00:00,4.959999999998299,TRAILED_SL
GBPUSD,CHOCH,SELL,LONDON_OPEN,2025-04-04 06:00:00+00:00,2025-04-04 10:00:00+00:00,32.89999999999793,GIVEBACK_GUARD
GBPUSD,LIQUIDITY_SWEEP_REVERSAL,SELL,LONDON_CLOSE,2025-04-04 15:30:00+00:00,2025-04-04 15:55:00+00:00,25.41999999999911,GIVEBACK_GUARD
GBPUSD,LIQUIDITY_SWEEP_REVERSAL,SELL,LONDON_CLOSE,2025-04-08 15:45:00+00:00,2025-04-08 16:05:00+00:00,9.879999999999445,GIVEBACK_GUARD
GBPUSD,CHOCH,BUY,LONDON_CLOSE,2025-04-08 16:15:00+00:00,2025-04-09 04:30:00+00:00,43.69999999999985,GIVEBACK_GUARD
GBPUSD,LIQUIDITY_SWEEP_REVERSAL,SELL,LONDON_OPEN,2025-04-09 08:00:00+00:00,2025-04-09 10:20:00+00:00,12.800000000001699,GIVEBACK_GUARD
GBPUSD,FVG_ENTRY,BUY,LONDON_OPEN,2025-04-10 08:35:00+00:00,2025-04-10 08:45:00+00:00,-6.399999999999739,SL_HIT
GBPUSD,LIQUIDITY_SWEEP_REVERSAL,SELL,LONDON_CLOSE,2025-04-10 15:45:00+00:00,2025-04-10 16:25:00+00:00,15.300000000000313,GIVEBACK_GUARD
GBPUSD,FVG_ENTRY,BUY,LONDON_OPEN,2025-04-14 07:40:00+00:00,2025-04-14 07:55:00+00:00,-4.900000000001015,SL_HIT
GBPUSD,CHOCH,SELL,LONDON_CLOSE,2025-04-14 16:45:00+00:00,2025-04-15 10:55:00+00:00,-70.20000000000026,SL_HIT
GBPUSD,FVG_ENTRY,BUY,LONDON_CLOSE,2025-04-15 15:35:00+00:00,2025-04-15 15:50:00+00:00,5.440000000000111,TRAILED_SL
GBPUSD,LIQUIDITY_SWEEP_REVERSAL,BUY,LONDON_CLOSE,2025-04-17 15:30:00+00:00,2025-04-17 16:25:00+00:00,17.699999999998273,GIVEBACK_GUARD
GBPUSD,CHOCH,SELL,LONDON_CLOSE,2025-04-21 15:00:00+00:00,2025-04-22 03:40:00+00:00,25.800000000000267,GIVEBACK_GUARD
GBPUSD,CHOCH,BUY,LONDON_OPEN,2025-04-22 07:15:00+00:00,2025-04-22 21:40:00+00:00,-74.3213999999992,SL_HIT
GBPUSD,FVG_ENTRY,BUY,LONDON_OPEN,2025-04-24 06:15:00+00:00,2025-04-24 06:40:00+00:00,-6.899999999998574,SL_HIT
GBPUSD,CHOCH,SELL,LONDON_CLOSE,2025-04-24 15:45:00+00:00,2025-04-24 22:40:00+00:00,-42.13199999999917,SL_HIT
GBPUSD,CHOCH,BUY,LONDON_OPEN,2025-04-28 07:30:00+00:00,2025-04-28 12:10:00+00:00,33.90000000000004,GIVEBACK_GUARD
GBPUSD,CHOCH,BUY,LONDON_OPEN,2025-04-30 08:30:00+00:00,2025-04-30 09:00:00+00:00,-2.6999999999999247,GIVEBACK_GUARD
GBPUSD,CHOCH,BUY,LONDON_OPEN,2025-04-30 09:00:00+00:00,2025-04-30 14:00:00+00:00,-33.762200000000405,SL_HIT
GBPUSD,CHOCH,BUY,NY_OPEN,2025-05-01 13:30:00+00:00,2025-05-06 16:00:00+00:00,50.90000000000039,GIVEBACK_GUARD
GBPUSD,FVG_ENTRY,BUY,LONDON_CLOSE,2025-05-06 16:00:00+00:00,2025-05-06 16:30:00+00:00,4.4800000000000395,GIVEBACK_GUARD
GBPUSD,CHOCH,BUY,LONDON_CLOSE,2025-05-08 16:00:00+00:00,2025-05-08 16:55:00+00:00,2.1999999999988695,GIVEBACK_GUARD
GBPUSD,CHOCH,SELL,LONDON_OPEN,2025-05-14 06:00:00+00:00,2025-05-14 11:05:00+00:00,-43.537799999999734,SL_HIT
GBPUSD,CHOCH,SELL,LONDON_CLOSE,2025-05-15 15:45:00+00:00,2025-05-15 15:55:00+00:00,9.953040000000968,GIVEBACK_GUARD
GBPUSD,CHOCH,SELL,NY_OPEN,2025-05-16 13:30:00+00:00,2025-05-16 19:20:00+00:00,33.799999999999386,GIVEBACK_GUARD
GBPUSD,CHOCH,SELL,NY_OPEN,2025-05-20 13:30:00+00:00,2025-05-21 05:05:00+00:00,-63.88799999999861,SL_HIT
GBPUSD,FVG_ENTRY,SELL,LONDON_CLOSE,2025-05-21 15:15:00+00:00,2025-05-21 15:30:00+00:00,8.540000000000436,TRAILED_SL
GBPUSD,CHOCH,SELL,LONDON_CLOSE,2025-05-23 16:30:00+00:00,2025-05-26 03:55:00+00:00,-68.76499999999952,SL_HIT
GBPUSD,CHOCH,SELL,LONDON_OPEN,2025-05-27 06:45:00+00:00,2025-05-27 08:10:00+00:00,23.999999999999577,GIVEBACK_GUARD
GBPUSD,CHOCH,SELL,LONDON_OPEN,2025-05-27 08:10:00+00:00,2025-05-27 18:20:00+00:00,30.90000000000037,GIVEBACK_GUARD
GBPUSD,CHOCH,BUY,NY_OPEN,2025-05-28 13:30:00+00:00,2025-05-29 02:35:00+00:00,-69.92019999999988,SL_HIT
GBPUSD,CHOCH,SELL,LONDON_OPEN,2025-05-30 06:00:00+00:00,2025-06-02 10:05:00+00:00,-61.02020000000152,SL_HIT
GBPUSD,CHOCH,SELL,LONDON_OPEN,2025-06-05 06:45:00+00:00,2025-06-05 15:30:00+00:00,-48.12959999999977,SL_HIT
GBPUSD,FVG_ENTRY,BUY,LONDON_CLOSE,2025-06-05 16:45:00+00:00,2025-06-05 17:00:00+00:00,-6.699999999999484,SL_HIT
GBPUSD,LIQUIDITY_SWEEP_REVERSAL,SELL,LONDON_CLOSE,2025-06-06 15:30:00+00:00,2025-06-09 11:40:00+00:00,-46.762999999998556,SL_HIT
GBPUSD,CHOCH,SELL,LONDON_CLOSE,2025-06-09 15:00:00+00:00,2025-06-10 10:10:00+00:00,71.19659999999993,GIVEBACK_GUARD
GBPUSD,CHOCH,BUY,NY_OPEN,2025-06-11 13:30:00+00:00,2025-06-11 15:40:00+00:00,38.79999999999883,GIVEBACK_GUARD
GBPUSD,FVG_ENTRY,BUY,LONDON_CLOSE,2025-06-12 16:35:00+00:00,2025-06-12 16:45:00+00:00,3.9199999999994795,GIVEBACK_GUARD
GBPUSD,CHOCH,SELL,LONDON_OPEN,2025-06-13 06:00:00+00:00,2025-06-13 06:25:00+00:00,4.199999999998649,GIVEBACK_GUARD
GBPUSD,CHOCH,SELL,LONDON_OPEN,2025-06-13 06:30:00+00:00,2025-06-13 06:50:00+00:00,-9.799999999997588,SL_HIT
GBPUSD,LIQUIDITY_SWEEP_REVERSAL,SELL,LONDON_CLOSE,2025-06-17 15:15:00+00:00,2025-06-17 17:45:00+00:00,37.72374000000012,GIVEBACK_GUARD
GBPUSD,FVG_ENTRY,SELL,LONDON_CLOSE,2025-06-18 16:05:00+00:00,2025-06-18 16:30:00+00:00,6.459999999999244,TRAILED_SL
GBPUSD,CHOCH,BUY,LONDON_CLOSE,2025-06-18 17:00:00+00:00,2025-06-18 20:40:00+00:00,-31.09999999999946,SL_HIT
GBPUSD,CHOCH,SELL,LONDON_CLOSE,2025-06-20 16:30:00+00:00,2025-06-20 17:50:00+00:00,21.599999999999397,GIVEBACK_GUARD
GBPUSD,CHOCH,SELL,NY_OPEN,2025-06-23 13:30:00+00:00,2025-06-23 17:20:00+00:00,-92.89579999999908,SL_HIT
GBPUSD,CHOCH,SELL,LONDON_CLOSE,2025-06-24 17:00:00+00:00,2025-06-25 15:30:00+00:00,18.700000000000383,GIVEBACK_GUARD
GBPUSD,CHOCH,BUY,LONDON_CLOSE,2025-06-25 16:15:00+00:00,2025-06-25 19:15:00+00:00,26.100000000000012,GIVEBACK_GUARD
GBPUSD,FVG_ENTRY,BUY,LONDON_OPEN,2025-06-26 09:00:00+00:00,2025-06-26 09:15:00+00:00,-5.5000000000005045,SL_HIT
GBPUSD,LIQUIDITY_SWEEP_REVERSAL,BUY,LONDON_CLOSE,2025-06-26 15:30:00+00:00,2025-06-26 17:50:00+00:00,14.800000000001479,GIVEBACK_GUARD
GBPUSD,CHOCH,BUY,LONDON_CLOSE,2025-06-30 15:00:00+00:00,2025-06-30 19:05:00+00:00,21.700000000000053,GIVEBACK_GUARD
GBPUSD,CHOCH,SELL,LONDON_CLOSE,2025-07-01 16:00:00+00:00,2025-07-02 12:20:00+00:00,42.800000000000615,GIVEBACK_GUARD
GBPUSD,LIQUIDITY_SWEEP_REVERSAL,BUY,LONDON_CLOSE,2025-07-02 16:30:00+00:00,2025-07-02 17:15:00+00:00,-39.57889999999908,SL_HIT
GBPUSD,CHOCH,BUY,LONDON_OPEN,2025-07-03 08:45:00+00:00,2025-07-03 10:35:00+00:00,28.900000000000592,GIVEBACK_GUARD
GBPUSD,CHOCH,SELL,LONDON_OPEN,2025-07-07 06:15:00+00:00,2025-07-07 09:40:00+00:00,27.29999999999899,GIVEBACK_GUARD
GBPUSD,CHOCH,BUY,LONDON_CLOSE,2025-07-07 15:30:00+00:00,2025-07-07 15:45:00+00:00,-4.599999999999049,SL_HIT
GBPUSD,CHOCH,BUY,LONDON_CLOSE,2025-07-07 16:00:00+00:00,2025-07-08 16:25:00+00:00,-67.3484000000002,SL_HIT
GBPUSD,FVG_ENTRY,SELL,LONDON_CLOSE,2025-07-08 16:40:00+00:00,2025-07-08 16:45:00+00:00,-3.5999999999991594,SL_HIT
GBPUSD,FVG_ENTRY,SELL,LONDON_OPEN,2025-07-09 07:30:00+00:00,2025-07-09 07:35:00+00:00,-4.299999999999304,SL_HIT
GBPUSD,FVG_ENTRY,SELL,LONDON_CLOSE,2025-07-09 15:05:00+00:00,2025-07-09 15:15:00+00:00,-3.9999999999995595,SL_HIT
GBPUSD,LIQUIDITY_SWEEP_REVERSAL,SELL,LONDON_CLOSE,2025-07-15 15:30:00+00:00,2025-07-15 16:45:00+00:00,26.599999999998847,GIVEBACK_GUARD
GBPUSD,LIQUIDITY_SWEEP_REVERSAL,SELL,LONDON_CLOSE,2025-07-16 15:45:00+00:00,2025-07-16 16:00:00+00:00,4.60000000000127,GIVEBACK_GUARD
GBPUSD,LIQUIDITY_SWEEP_REVERSAL,BUY,LONDON_CLOSE,2025-07-17 15:30:00+00:00,2025-07-17 18:55:00+00:00,14.899999999999913,GIVEBACK_GUARD
GBPUSD,CHOCH,BUY,NY_OPEN,2025-07-22 13:30:00+00:00,2025-07-22 18:40:00+00:00,25.800000000000267,GIVEBACK_GUARD
GBPUSD,CHOCH,BUY,LONDON_OPEN,2025-07-23 06:15:00+00:00,2025-07-23 17:10:00+00:00,20.100000000000673,GIVEBACK_GUARD
GBPUSD,CHOCH,BUY,LONDON_CLOSE,2025-07-24 16:30:00+00:00,2025-07-24 23:45:00+00:00,-41.160999999998445,SL_HIT
GBPUSD,LIQUIDITY_SWEEP_REVERSAL,SELL,LONDON_OPEN,2025-07-25 09:00:00+00:00,2025-07-25 09:15:00+00:00,10.119999999999685,GIVEBACK_GUARD
GBPUSD,CHOCH,BUY,LONDON_CLOSE,2025-07-28 15:00:00+00:00,2025-07-28 19:15:00+00:00,-47.41499999999954,SL_HIT
GBPUSD,CHOCH,SELL,NY_OPEN,2025-07-31 13:30:00+00:00,2025-08-01 12:00:00+00:00,55.600000000000094,GIVEBACK_GUARD
GBPUSD,LIQUIDITY_SWEEP_REVERSAL,BUY,LONDON_CLOSE,2025-08-01 15:30:00+00:00,2025-08-07 08:05:00+00:00,79.09999999999862,GIVEBACK_GUARD
GBPUSD,CHOCH,SELL,LONDON_OPEN,2025-08-12 07:30:00+00:00,2025-08-12 11:50:00+00:00,-33.077000000001355,SL_HIT
GBPUSD,LIQUIDITY_SWEEP_REVERSAL,BUY,LONDON_CLOSE,2025-08-15 15:30:00+00:00,2025-08-18 11:00:00+00:00,-30.94450000000082,SL_HIT
GBPUSD,CHOCH,BUY,LONDON_OPEN,2025-08-19 07:15:00+00:00,2025-08-19 10:40:00+00:00,20.000000000000018,GIVEBACK_GUARD
GBPUSD,FVG_ENTRY,SELL,LONDON_CLOSE,2025-08-19 16:50:00+00:00,2025-08-19 17:55:00+00:00,8.49999999999973,GIVEBACK_GUARD
GBPUSD,CHOCH,BUY,LONDON_OPEN,2025-08-20 08:30:00+00:00,2025-08-20 11:00:00+00:00,22.200000000001108,GIVEBACK_GUARD
GBPUSD,CHOCH,BUY,NY_OPEN,2025-08-21 13:30:00+00:00,2025-08-21 14:20:00+00:00,-6.900000000000794,SL_HIT
GBPUSD,CHOCH,SELL,LONDON_CLOSE,2025-08-21 15:30:00+00:00,2025-08-21 18:20:00+00:00,19.799999999998708,GIVEBACK_GUARD
GBPUSD,CHOCH,BUY,NY_OPEN,2025-08-22 13:30:00+00:00,2025-08-22 14:10:00+00:00,1.500000000000945,GIVEBACK_GUARD
GBPUSD,CHOCH,BUY,LONDON_OPEN,2025-08-25 07:15:00+00:00,2025-08-25 21:45:00+00:00,-48.67699999999919,SL_HIT
GBPUSD,FVG_ENTRY,BUY,LONDON_CLOSE,2025-08-28 15:15:00+00:00,2025-08-28 15:30:00+00:00,-10.099999999999554,SL_HIT
GBPUSD,FVG_ENTRY,SELL,LONDON_CLOSE,2025-09-02 16:30:00+00:00,2025-09-02 16:35:00+00:00,-3.9999999999995595,SL_HIT
GBPUSD,LIQUIDITY_SWEEP_REVERSAL,BUY,LONDON_CLOSE,2025-09-04 15:45:00+00:00,2025-09-05 05:45:00+00:00,14.799999999999258,GIVEBACK_GUARD
GBPUSD,CHOCH,SELL,LONDON_CLOSE,2025-09-09 16:15:00+00:00,2025-09-09 17:10:00+00:00,18.899999999999473,GIVEBACK_GUARD
GBPUSD,CHOCH,BUY,LONDON_OPEN,2025-09-10 06:00:00+00:00,2025-09-10 16:50:00+00:00,21.500000000000963,GIVEBACK_GUARD
GBPUSD,FVG_ENTRY,SELL,LONDON_CLOSE,2025-09-11 15:05:00+00:00,2025-09-11 15:20:00+00:00,5.119999999999347,TRAILED_SL
GBPUSD,LIQUIDITY_SWEEP_REVERSAL,BUY,LONDON_CLOSE,2025-09-11 15:35:00+00:00,2025-09-11 17:20:00+00:00,26.700000000001722,GIVEBACK_GUARD
GBPUSD,CHOCH,BUY,LONDON_CLOSE,2025-09-12 17:00:00+00:00,2025-09-12 17:30:00+00:00,11.640000000000317,GIVEBACK_GUARD
GBPUSD,CHOCH,BUY,LONDON_OPEN,2025-09-22 08:45:00+00:00,2025-09-22 11:10:00+00:00,24.899999999998812,GIVEBACK_GUARD
GBPUSD,CHOCH,SELL,LONDON_OPEN,2025-09-23 06:00:00+00:00,2025-09-24 11:30:00+00:00,27.099999999999902,GIVEBACK_GUARD
GBPUSD,FVG_ENTRY,SELL,LONDON_CLOSE,2025-09-24 15:00:00+00:00,2025-09-24 15:10:00+00:00,-6.200000000000649,SL_HIT
GBPUSD,FVG_ENTRY,SELL,LONDON_CLOSE,2025-09-25 17:00:00+00:00,2025-09-25 17:05:00+00:00,-2.9999999999996696,SL_HIT
GBPUSD,CHOCH,SELL,NY_OPEN,2025-09-26 13:30:00+00:00,2025-09-26 17:10:00+00:00,-46.039200000000946,SL_HIT
GBPUSD,CHOCH,SELL,LONDON_CLOSE,2025-09-29 17:00:00+00:00,2025-10-01 14:20:00+00:00,-54.411599999999446,SL_HIT
GBPUSD,FVG_ENTRY,BUY,LONDON_CLOSE,2025-10-01 15:05:00+00:00,2025-10-01 15:15:00+00:00,13.439999999998786,TP_HIT
GBPUSD,CHOCH,SELL,LONDON_CLOSE,2025-10-02 15:45:00+00:00,2025-10-02 17:25:00+00:00,43.10000000000036,GIVEBACK_GUARD
GBPUSD,CHOCH,SELL,LONDON_OPEN,2025-10-09 08:30:00+00:00,2025-10-09 09:55:00+00:00,39.74159999999971,GIVEBACK_GUARD
GBPUSD,FVG_ENTRY,SELL,LONDON_CLOSE,2025-10-10 16:10:00+00:00,2025-10-10 16:15:00+00:00,-6.800000000000139,SL_HIT
GBPUSD,LIQUIDITY_SWEEP_REVERSAL,SELL,LONDON_CLOSE,2025-10-16 16:15:00+00:00,2025-10-16 17:05:00+00:00,17.300000000000093,GIVEBACK_GUARD
GBPUSD,CHOCH,BUY,LONDON_CLOSE,2025-10-20 15:45:00+00:00,2025-10-21 09:00:00+00:00,-52.4979999999986,SL_HIT
GBPUSD,CHOCH,SELL,LONDON_OPEN,2025-10-22 09:00:00+00:00,2025-10-22 13:35:00+00:00,32.600000000000406,GIVEBACK_GUARD
GBPUSD,CHOCH,BUY,LONDON_CLOSE,2025-10-22 15:45:00+00:00,2025-10-22 17:05:00+00:00,24.700000000001943,GIVEBACK_GUARD
GBPUSD,FVG_ENTRY,SELL,LONDON_CLOSE,2025-10-23 15:25:00+00:00,2025-10-23 15:30:00+00:00,-5.699999999999594,SL_HIT
GBPUSD,CHOCH,SELL,LONDON_OPEN,2025-10-24 06:30:00+00:00,2025-10-24 11:30:00+00:00,9.00000000000123,GIVEBACK_GUARD
GBPUSD,CHOCH,BUY,LONDON_CLOSE,2025-10-24 16:15:00+00:00,2025-10-28 15:10:00+00:00,-73.59799999999916,SL_HIT
GBPUSD,CHOCH,BUY,LONDON_CLOSE,2025-10-29 16:45:00+00:00,2025-10-29 20:35:00+00:00,-59.087199999998674,SL_HIT
GBPUSD,FVG_ENTRY,SELL,LONDON_CLOSE,2025-10-30 15:20:00+00:00,2025-10-30 15:25:00+00:00,-4.499999999998394,SL_HIT
GBPUSD,FVG_ENTRY,SELL,LONDON_CLOSE,2025-10-31 16:35:00+00:00,2025-10-31 16:40:00+00:00,-5.1000000000001044,SL_HIT
GBPUSD,CHOCH,BUY,LONDON_OPEN,2025-11-04 06:15:00+00:00,2025-11-04 06:35:00+00:00,2.900000000001235,GIVEBACK_GUARD
GBPUSD,CHOCH,BUY,LONDON_OPEN,2025-11-04 06:45:00+00:00,2025-11-04 10:50:00+00:00,-31.833600000001905,SL_HIT
GBPUSD,FVG_ENTRY,SELL,LONDON_CLOSE,2025-11-04 15:00:00+00:00,2025-11-04 15:10:00+00:00,2.3199999999987675,TRAILED_SL
GBPUSD,FVG_ENTRY,SELL,LONDON_CLOSE,2025-11-04 15:40:00+00:00,2025-11-04 16:00:00+00:00,4.3199999999998795,TRAILED_SL
GBPUSD,CHOCH,SELL,LONDON_CLOSE,2025-11-10 16:15:00+00:00,2025-11-11 09:10:00+00:00,35.90000000000204,GIVEBACK_GUARD
GBPUSD,CHOCH,BUY,LONDON_OPEN,2025-11-12 09:00:00+00:00,2025-11-12 15:30:00+00:00,-40.05920000000218,SL_HIT
GBPUSD,CHOCH,SELL,NY_OPEN,2025-11-14 13:30:00+00:00,2025-11-19 17:50:00+00:00,60.40000000000045,GIVEBACK_GUARD
GBPUSD,FVG_ENTRY,BUY,LONDON_OPEN,2025-11-20 08:15:00+00:00,2025-11-20 08:30:00+00:00,3.6799999999996835,GIVEBACK_GUARD
GBPUSD,FVG_ENTRY,BUY,LONDON_OPEN,2025-11-20 09:00:00+00:00,2025-11-20 09:10:00+00:00,3.6799999999992394,TRAILED_SL
GBPUSD,CHOCH,SELL,LONDON_CLOSE,2025-11-20 15:20:00+00:00,2025-11-20 15:30:00+00:00,-7.0000000000014495,SL_HIT
GBPUSD,CHOCH,SELL,LONDON_OPEN,2025-11-21 09:00:00+00:00,2025-11-21 12:15:00+00:00,30.90000000000037,GIVEBACK_GUARD
GBPUSD,CHOCH,SELL,NY_OPEN,2025-11-21 13:30:00+00:00,2025-11-25 11:35:00+00:00,-73.9036000000004,SL_HIT
GBPUSD,FVG_ENTRY,BUY,LONDON_CLOSE,2025-11-25 16:10:00+00:00,2025-11-25 16:25:00+00:00,2.300000000001745,GIVEBACK_GUARD
GBPUSD,LIQUIDITY_SWEEP_REVERSAL,BUY,NY_OPEN,2025-11-26 13:30:00+00:00,2025-11-26 14:05:00+00:00,-49.4494000000012,SL_HIT
GBPUSD,CHOCH,BUY,LONDON_CLOSE,2025-11-26 15:00:00+00:00,2025-11-27 01:10:00+00:00,47.399999999999665,GIVEBACK_GUARD
GBPUSD,CHOCH,BUY,LONDON_OPEN,2025-11-28 06:00:00+00:00,2025-11-28 11:00:00+00:00,-39.45460000000178,SL_HIT
GBPUSD,CHOCH,BUY,LONDON_OPEN,2025-12-02 06:00:00+00:00,2025-12-03 08:30:00+00:00,20.700000000000163,GIVEBACK_GUARD
GBPUSD,CHOCH,BUY,LONDON_OPEN,2025-12-04 08:30:00+00:00,2025-12-04 10:30:00+00:00,16.700000000000603,GIVEBACK_GUARD
GBPUSD,CHOCH,SELL,LONDON_CLOSE,2025-12-04 15:30:00+00:00,2025-12-09 16:25:00+00:00,25.400000000002088,GIVEBACK_GUARD
GBPUSD,CHOCH,BUY,LONDON_CLOSE,2025-12-11 15:00:00+00:00,2025-12-11 16:15:00+00:00,29.50000000000008,GIVEBACK_GUARD
GBPUSD,CHOCH,BUY,LONDON_CLOSE,2025-12-12 15:45:00+00:00,2025-12-15 11:50:00+00:00,15.700000000000713,GIVEBACK_GUARD
GBPUSD,LIQUIDITY_SWEEP_REVERSAL,SELL,LONDON_CLOSE,2025-12-16 15:30:00+00:00,2025-12-17 07:35:00+00:00,26.999999999999247,GIVEBACK_GUARD
GBPUSD,FVG_ENTRY,BUY,LONDON_CLOSE,2025-12-18 15:55:00+00:00,2025-12-18 16:05:00+00:00,7.659999999999556,TRAILED_SL
GBPUSD,CHOCH,SELL,NY_OPEN,2025-12-19 13:30:00+00:00,2025-12-22 09:35:00+00:00,-43.07299999999792,SL_HIT
GBPUSD,CHOCH,SELL,LONDON_CLOSE,2025-12-30 15:00:00+00:00,2025-12-30 17:30:00+00:00,41.80000000000072,GIVEBACK_GUARD
GBPUSD,CHOCH,BUY,LONDON_CLOSE,2025-12-31 16:00:00+00:00,2026-01-02 17:20:00+00:00,22.999999999999687,GIVEBACK_GUARD
GBPUSD,FVG_ENTRY,SELL,LONDON_OPEN,2026-01-05 06:15:00+00:00,2026-01-05 07:25:00+00:00,-8.500000000000174,SL_HIT
GBPUSD,CHOCH,BUY,LONDON_CLOSE,2026-01-07 15:30:00+00:00,2026-01-07 21:00:00+00:00,-30.187200000000303,SL_HIT
GBPUSD,CHOCH,BUY,LONDON_OPEN,2026-01-08 06:00:00+00:00,2026-01-08 15:45:00+00:00,-37.49919999999962,SL_HIT
GBPUSD,LIQUIDITY_SWEEP_REVERSAL,BUY,LONDON_CLOSE,2026-01-09 15:30:00+00:00,2026-01-09 17:05:00+00:00,-44.10000000000025,SL_HIT
GBPUSD,CHOCH,SELL,LONDON_CLOSE,2026-01-13 15:00:00+00:00,2026-01-13 18:15:00+00:00,31.999999999998696,GIVEBACK_GUARD
GBPUSD,CHOCH,SELL,NY_OPEN,2026-01-15 13:30:00+00:00,2026-01-15 15:40:00+00:00,42.89999999999905,GIVEBACK_GUARD
GBPUSD,CHOCH,BUY,LONDON_OPEN,2026-01-16 06:00:00+00:00,2026-01-16 13:50:00+00:00,19.700000000000273,GIVEBACK_GUARD
GBPUSD,LIQUIDITY_SWEEP_REVERSAL,BUY,LONDON_CLOSE,2026-01-16 15:15:00+00:00,2026-01-16 17:35:00+00:00,-27.987600000001223,SL_HIT
GBPUSD,FVG_ENTRY,SELL,LONDON_CLOSE,2026-01-22 15:30:00+00:00,2026-01-22 15:45:00+00:00,10.600000000000609,GIVEBACK_GUARD
GBPUSD,CHOCH,BUY,LONDON_CLOSE,2026-01-28 16:45:00+00:00,2026-01-29 01:25:00+00:00,28.500000000000192,GIVEBACK_GUARD
GBPUSD,CHOCH,BUY,NY_OPEN,2026-01-30 13:30:00+00:00,2026-01-30 20:10:00+00:00,-67.7477999999998,SL_HIT
GBPUSD,LIQUIDITY_SWEEP_REVERSAL,BUY,LONDON_CLOSE,2026-02-02 16:30:00+00:00,2026-02-02 18:00:00+00:00,-36.53589999999873,SL_HIT
GBPUSD,FVG_ENTRY,SELL,LONDON_CLOSE,2026-02-03 16:10:00+00:00,2026-02-03 16:30:00+00:00,-8.20000000000043,SL_HIT
GBPUSD,FVG_ENTRY,SELL,LONDON_CLOSE,2026-02-03 16:40:00+00:00,2026-02-03 17:05:00+00:00,4.979999999999762,GIVEBACK_GUARD
GBPUSD,CHOCH,SELL,NY_OPEN,2026-02-04 13:30:00+00:00,2026-02-04 17:35:00+00:00,31.500000000002082,GIVEBACK_GUARD
GBPUSD,FVG_ENTRY,BUY,LONDON_CLOSE,2026-02-06 15:15:00+00:00,2026-02-06 15:35:00+00:00,3.3799999999990504,GIVEBACK_GUARD
GBPUSD,CHOCH,BUY,NY_OPEN,2026-02-09 13:30:00+00:00,2026-02-09 17:40:00+00:00,41.20000000000123,GIVEBACK_GUARD
GBPUSD,CHOCH,BUY,LONDON_CLOSE,2026-02-10 15:00:00+00:00,2026-02-11 11:40:00+00:00,21.800000000000708,GIVEBACK_GUARD
GBPUSD,FVG_ENTRY,BUY,NY_OPEN,2026-02-11 13:30:00+00:00,2026-02-11 13:40:00+00:00,-4.8000000000003595,SL_HIT
GBPUSD,CHOCH,SELL,LONDON_CLOSE,2026-02-11 15:15:00+00:00,2026-02-11 15:40:00+00:00,46.898399999999896,TRAILED_SL
GBPUSD,CHOCH,SELL,LONDON_CLOSE,2026-02-11 15:45:00+00:00,2026-02-17 09:25:00+00:00,70.5,GIVEBACK_GUARD
GBPUSD,CHOCH,SELL,LONDON_CLOSE,2026-02-19 15:45:00+00:00,2026-02-25 18:10:00+00:00,-77.1312000000024,SL_HIT
GBPUSD,FVG_ENTRY,BUY,LONDON_CLOSE,2026-02-26 16:00:00+00:00,2026-02-26 16:15:00+00:00,5.1200000000002355,TRAILED_SL
